Word,HamCount,SpamCount,Ratio Ham 0 - Spam 1,WordInHams,WordInSpams
03,1.0,0.0,1.0,0,0
04,2.0,0.0,1.0,0,0
04223586,1.0,0.0,1.0,1,0
04223810,1.0,0.0,1.0,1,0
06,1.0,0.0,1.0,0,0
0621,7.0,0.0,1.0,0,0
09,2.0,0.0,1.0,0,0
100,3.0,0.0,1.0,0,0
112,1.0,0.0,1.0,0,0
142,4.0,0.0,1.0,0,0
152,3.0,0.0,1.0,2,0
16,1.0,0.0,1.0,1,0
180,1.0,0.0,1.0,1,0
19,2.0,0.0,1.0,0,0
2019,1.0,0.0,1.0,1,0
21,1.0,0.0,1.0,0,0
212,1.0,0.0,1.0,1,0
226744,3.0,0.0,1.0,0,0
250,1.0,0.0,1.0,1,0
292,15.0,0.0,1.0,4,0
30,5.0,0.0,1.0,1,0
302,1.0,0.0,1.0,1,0
3448,1.0,0.0,1.0,0,0
41,1.0,0.0,1.0,1,0
46,2.0,0.0,1.0,0,0
47,2.0,0.0,1.0,0,0
49,21.0,0.0,1.0,3,0
509,2.0,0.0,1.0,2,0
56,1.0,0.0,1.0,0,0
60938,4.0,0.0,1.0,3,0
6097,1.0,0.0,1.0,0,0
621,8.0,0.0,1.0,4,0
6224,1.0,0.0,1.0,1,0
6231,4.0,0.0,1.0,0,0
6232,10.0,0.0,1.0,3,0
6234,1.0,0.0,1.0,1,0
6396,2.0,0.0,1.0,2,0
6420,1.0,0.0,1.0,1,0
6449,1.0,0.0,1.0,1,0
6455,1.0,0.0,1.0,1,0
6526,1.0,0.0,1.0,1,0
662341,1.0,0.0,1.0,1,0
67061,4.0,0.0,1.0,0,0
6727,1.0,0.0,1.0,0,0
67346,7.0,0.0,1.0,0,0
68163,8.0,0.0,1.0,5,0
80,1.0,0.0,1.0,0,0
91906,10.0,0.0,1.0,0,0
98,3.0,0.0,1.0,0,0
9egandcrab,1.0,0.0,1.0,0,0
_______________________________________________,1.0,0.0,1.0,1,0
__________________________________________________________,1.0,0.0,1.0,1,0
a206,1.0,0.0,1.0,0,0
abgerechnet,1.0,0.0,1.0,1,0
abgestimmt,1.0,0.0,1.0,0,0
abgewickelt,1.0,0.0,1.0,1,0
abholbereit,2.0,0.0,1.0,0,0
abholort,2.0,0.0,1.0,0,0
abschätzen,2.0,0.0,1.0,2,0
absender,6.0,0.0,1.0,2,0
absendername,1.0,0.0,1.0,1,0
absenders,1.0,0.0,1.0,1,0
abstecken,2.0,0.0,1.0,2,0
abuse,4.0,0.0,1.0,0,0
abzubilden,1.0,0.0,1.0,1,0
accept,2.0,0.0,1.0,2,0
achten,1.0,0.0,1.0,0,0
addressee,2.0,0.0,1.0,2,0
adobe,1.0,0.0,1.0,1,0
adressat,1.0,0.0,1.0,1,0
adressaten,2.0,0.0,1.0,2,0
adresse,5.0,0.0,1.0,2,0
adressen,2.0,0.0,1.0,2,0
aktivieren,1.0,0.0,1.0,1,0
aktuelle,1.0,0.0,1.0,1,0
aktuellen,2.0,0.0,1.0,2,0
alamiert,1.0,0.0,1.0,1,0
alarmhupe,1.0,0.0,1.0,1,0
alarmierungsfall,1.0,0.0,1.0,1,0
alves,1.0,0.0,1.0,1,0
alvesdesouza,1.0,0.0,1.0,0,0
anbei,4.0,0.0,1.0,3,0
anbieten,2.0,0.0,1.0,0,0
andere,2.0,0.0,1.0,1,0
anderem,1.0,0.0,1.0,1,0
anfertigen,2.0,0.0,1.0,2,0
anfragen,1.0,0.0,1.0,1,0
angeblich,1.0,0.0,1.0,0,0
angefallen,2.0,0.0,1.0,1,0
angefragte,1.0,0.0,1.0,1,0
angegeben,1.0,0.0,1.0,0,0
angehängte,2.0,0.0,1.0,1,0
angehängten,1.0,0.0,1.0,1,0
angesprochen,1.0,0.0,1.0,1,0
angreifer,2.0,0.0,1.0,1,0
anhaengen,2.0,0.0,1.0,2,0
anhang,2.0,0.0,1.0,2,0
anhängende,1.0,0.0,1.0,1,0
ankommt,2.0,0.0,1.0,0,0
anwesend,1.0,0.0,1.0,0,0
anzahl,1.0,0.0,1.0,1,0
anzuschauen,1.0,0.0,1.0,1,0
anzuzeigen,1.0,0.0,1.0,0,0
api,1.0,0.0,1.0,1,0
applied,3.0,0.0,1.0,3,0
arbeit,1.0,0.0,1.0,0,0
arbeitsaufwand,2.0,0.0,1.0,2,0
arbeitsplatzinhaber,1.0,0.0,1.0,1,0
archiv,1.0,0.0,1.0,0,0
attachments,2.0,0.0,1.0,2,0
aufgebaut,1.0,0.0,1.0,1,0
aufgebraucht,1.0,0.0,1.0,0,0
aufl,1.0,0.0,1.0,0,0
aufruf,1.0,0.0,1.0,1,0
aufrufen,1.0,0.0,1.0,0,0
aufsichtsrats,4.0,0.0,1.0,0,0
aufwand,2.0,0.0,1.0,2,0
auge,2.0,0.0,1.0,2,0
augen,1.0,0.0,1.0,1,0
ausdrücklich,1.0,0.0,1.0,1,0
ausführen,1.0,0.0,1.0,0,0
ausführliche,1.0,0.0,1.0,1,0
ausführung,2.0,0.0,1.0,1,0
ausgefallen,1.0,0.0,1.0,1,0
ausgespäht,1.0,0.0,1.0,1,0
ausgespähten,1.0,0.0,1.0,1,0
ausgestaltung,2.0,0.0,1.0,2,0
ausgetauscht,1.0,0.0,1.0,1,0
ausgewertet,1.0,0.0,1.0,0,0
ausland,1.0,0.0,1.0,1,0
ausschreibung,1.0,0.0,1.0,1,0
ausschreibungen,1.0,0.0,1.0,1,0
ausschreibungskalender,1.0,0.0,1.0,1,0
ausser,1.0,0.0,1.0,1,0
authentisierte,1.0,0.0,1.0,1,0
automation,3.0,0.0,1.0,3,0
automatisch,3.0,0.0,1.0,3,0
außer,1.0,0.0,1.0,1,0
aw,1.0,0.0,1.0,0,0
azure,2.0,0.0,1.0,2,0
bachelor,1.0,0.0,1.0,0,0
balkone,1.0,0.0,1.0,1,0
barth,1.0,0.0,1.0,1,0
basteln,1.0,0.0,1.0,0,0
bau,1.0,0.0,1.0,1,0
beachten,2.0,0.0,1.0,2,0
bedeutet,1.0,0.0,1.0,0,0
befinden,1.0,0.0,1.0,0,0
befindet,1.0,0.0,1.0,1,0
befände,1.0,0.0,1.0,0,0
behörden,1.0,0.0,1.0,1,0
beide,1.0,0.0,1.0,1,0
bekannte,2.0,0.0,1.0,2,0
bekannten,2.0,0.0,1.0,1,0
belasten,1.0,0.0,1.0,1,0
belästige,1.0,0.0,1.0,0,0
belästigen,1.0,0.0,1.0,1,0
benachrichtigen,2.0,0.0,1.0,2,0
berechtigungskennwort,1.0,0.0,1.0,1,0
bereitgestellt,2.0,0.0,1.0,2,0
beschlossen,2.0,0.0,1.0,0,0
besonders,1.0,0.0,1.0,0,0
besprechen,2.0,0.0,1.0,0,0
besser,2.0,0.0,1.0,1,0
bestellungen,1.0,0.0,1.0,1,0
besten,2.0,0.0,1.0,2,0
bestimmt,2.0,0.0,1.0,2,0
betreff,5.0,0.0,1.0,0,0
betreffzeilen,1.0,0.0,1.0,1,0
betrieben,1.0,0.0,1.0,1,0
betriebsleiter,2.0,0.0,1.0,2,0
betroffen,2.0,0.0,1.0,2,0
betroffenen,1.0,0.0,1.0,1,0
bewerbungen,2.0,0.0,1.0,1,0
bewerbungsmail,2.0,0.0,1.0,1,0
bewerbungsschreiben,1.0,0.0,1.0,1,0
bezahlen,1.0,0.0,1.0,1,0
bibliothek,2.0,0.0,1.0,2,0
bibliotheksbenutzer,2.0,0.0,1.0,0,0
bildet,1.0,0.0,1.0,1,0
bis,9.0,0.0,1.0,5,0
bisher,1.0,0.0,1.0,1,0
bit,1.0,0.0,1.0,1,0
bitcoin,1.0,0.0,1.0,0,0
bitdefender,1.0,0.0,1.0,0,0
bitten,1.0,0.0,1.0,1,0
bittet,1.0,0.0,1.0,1,0
bleiben,3.0,0.0,1.0,3,0
board,8.0,0.0,1.0,3,0
brandfall,1.0,0.0,1.0,1,0
brandmeldeanlage,1.0,0.0,1.0,1,0
bremen,3.0,0.0,1.0,3,0
bsi,3.0,0.0,1.0,1,0
burghausen,3.0,0.0,1.0,3,0
bzw,2.0,0.0,1.0,0,0
büro,2.0,0.0,1.0,0,0
campus,6.0,0.0,1.0,2,0
campuslizenz,1.0,0.0,1.0,1,0
caroline,1.0,0.0,1.0,1,0
cc,2.0,0.0,1.0,0,0
chairman,4.0,0.0,1.0,3,0
change,2.0,0.0,1.0,2,0
changes,2.0,0.0,1.0,2,0
cit,3.0,0.0,1.0,0,0
cloudsysteme,1.0,0.0,1.0,1,0
command,1.0,0.0,1.0,1,0
computer,1.0,0.0,1.0,1,0
confidential,2.0,0.0,1.0,2,0
consultant,4.0,0.0,1.0,3,0
contain,2.0,0.0,1.0,2,0
contained,2.0,0.0,1.0,2,0
control,1.0,0.0,1.0,1,0
copying,2.0,0.0,1.0,2,0
court,4.0,0.0,1.0,3,0
cyberkriminelle,1.0,0.0,1.0,1,0
dafür,1.0,0.0,1.0,0,0
daher,4.0,0.0,1.0,3,0
damage,2.0,0.0,1.0,2,0
damals,1.0,0.0,1.0,1,0
damen,5.0,0.0,1.0,5,0
damit,4.0,0.0,1.0,4,0
dank,1.0,0.0,1.0,1,0
dann,5.0,0.0,1.0,3,0
daraufhin,1.0,0.0,1.0,1,0
darüber,2.0,0.0,1.0,1,0
datei,9.0,0.0,1.0,2,0
dateianhänge,1.0,0.0,1.0,1,0
dateien,1.0,0.0,1.0,1,0
daten,3.0,0.0,1.0,1,0
dazugehoerigen,2.0,0.0,1.0,2,0
dc,1.0,0.0,1.0,0,0
deep,1.0,0.0,1.0,1,0
defender,1.0,0.0,1.0,1,0
dekanin,1.0,0.0,1.0,1,0
delete,2.0,0.0,1.0,2,0
deliverables,2.0,0.0,1.0,2,0
denke,2.0,0.0,1.0,0,0
desbanking,1.0,0.0,1.0,0,0
diehl,3.0,0.0,1.0,1,0
dienstag,1.0,0.0,1.0,0,0
dienstbesprechung,1.0,0.0,1.0,1,0
dienstreisen,1.0,0.0,1.0,0,0
dies,3.0,0.0,1.0,2,0
diesem,3.0,0.0,1.0,2,0
diesjährige,1.0,0.0,1.0,1,0
dietrich,14.0,0.0,1.0,3,0
digitaler,2.0,0.0,1.0,0,0
dinge,1.0,0.0,1.0,0,0
dipl,4.0,0.0,1.0,0,0
disclaimer,2.0,0.0,1.0,0,0
dissemination,2.0,0.0,1.0,0,0
doc,1.0,0.0,1.0,0,0
doch,1.0,0.0,1.0,1,0
doktoranden,1.0,0.0,1.0,0,0
dokument,4.0,0.0,1.0,1,0
dokumente,3.0,0.0,1.0,2,0
dokuments,1.0,0.0,1.0,1,0
donnerstag,1.0,0.0,1.0,0,0
dort,2.0,0.0,1.0,1,0
dr,5.0,0.0,1.0,1,0
dringend,1.0,0.0,1.0,1,0
dringenden,1.0,0.0,1.0,1,0
dritter,1.0,0.0,1.0,1,0
drucken,1.0,0.0,1.0,1,0
durchaus,1.0,0.0,1.0,1,0
durchführen,2.0,0.0,1.0,2,0
durchführung,2.0,0.0,1.0,2,0
dürfen,1.0,0.0,1.0,0,0
e2,1.0,0.0,1.0,0,0
eben,1.0,0.0,1.0,1,0
ebenfalls,1.0,0.0,1.0,1,0
eigener,1.0,0.0,1.0,1,0
eigenschaften,2.0,0.0,1.0,0,0
einfach,1.0,0.0,1.0,1,0
einfachen,1.0,0.0,1.0,1,0
eingegangen,1.0,0.0,1.0,1,0
eingegeben,1.0,0.0,1.0,1,0
eingehende,1.0,0.0,1.0,1,0
eingeschränkten,1.0,0.0,1.0,1,0
einige,1.0,0.0,1.0,1,0
einmal,1.0,0.0,1.0,1,0
einweisung,1.0,0.0,1.0,1,0
einzustufen,1.0,0.0,1.0,0,0
emotet,1.0,0.0,1.0,1,0
empfänger,1.0,0.0,1.0,1,0
empfängern,1.0,0.0,1.0,1,0
empfängername,1.0,0.0,1.0,1,0
enddaten,1.0,0.0,1.0,1,0
entdeckt,1.0,0.0,1.0,0,0
entfernt,1.0,0.0,1.0,0,0
enthalten,5.0,0.0,1.0,1,0
enthaltene,1.0,0.0,1.0,1,0
enthaltenen,3.0,0.0,1.0,3,0
enthält,2.0,0.0,1.0,1,0
entpacken,1.0,0.0,1.0,1,0
entschluesselungs,1.0,0.0,1.0,0,0
entsprechende,1.0,0.0,1.0,1,0
entstehende,1.0,0.0,1.0,1,0
entstehung,1.0,0.0,1.0,1,0
entweder,2.0,0.0,1.0,2,0
entwurf,1.0,0.0,1.0,1,0
erfolgen,1.0,0.0,1.0,0,0
erfolgreichsten,1.0,0.0,1.0,1,0
erforderlich,1.0,0.0,1.0,0,0
ergangen,1.0,0.0,1.0,0,0
ergebnis,1.0,0.0,1.0,1,0
erhalten,4.0,0.0,1.0,4,0
erhält,1.0,0.0,1.0,1,0
erinnern,2.0,0.0,1.0,0,0
erlaubt,1.0,0.0,1.0,0,0
erläutern,1.0,0.0,1.0,1,0
ermöglichten,1.0,0.0,1.0,1,0
erneut,1.0,0.0,1.0,1,0
erpresst,1.0,0.0,1.0,0,0
erpressungsgeld,1.0,0.0,1.0,0,0
erpressungstrojaner,1.0,0.0,1.0,1,0
erreichen,1.0,0.0,1.0,1,0
ersten,1.0,0.0,1.0,1,0
erwartet,1.0,0.0,1.0,0,0
erzeugen,1.0,0.0,1.0,1,0
erzählt,1.0,0.0,1.0,0,0
etc,1.0,0.0,1.0,0,0
etwa,2.0,0.0,1.0,2,0
eurer,1.0,0.0,1.0,1,0
eventuelle,3.0,0.0,1.0,3,0
eventuellen,1.0,0.0,1.0,1,0
excel,1.0,0.0,1.0,0,0
excellence,3.0,0.0,1.0,3,0
except,1.0,0.0,1.0,1,0
exe,1.0,0.0,1.0,0,0
externe,1.0,0.0,1.0,0,0
fachbereich,1.0,0.0,1.0,1,0
fahrlaessigkeit,1.0,0.0,1.0,1,0
fahrstuhlvorraum,1.0,0.0,1.0,1,0
fakultät,3.0,0.0,1.0,3,0
falls,2.0,0.0,1.0,2,0
fassen,2.0,0.0,1.0,0,0
fax,10.0,0.0,1.0,2,0
fenster,1.0,0.0,1.0,1,0
festgelegt,2.0,0.0,1.0,0,0
festgelegten,1.0,0.0,1.0,1,0
festzulegen,2.0,0.0,1.0,0,0
feuerwehr,2.0,0.0,1.0,1,0
fh,4.0,0.0,1.0,0,0
finale,2.0,0.0,1.0,1,0
finanzministerium,1.0,0.0,1.0,1,0
finden,3.0,0.0,1.0,2,0
findet,1.0,0.0,1.0,1,0
firma,3.0,0.0,1.0,3,0
florian,2.0,0.0,1.0,1,0
fluchtturm,1.0,0.0,1.0,1,0
fluchtweg,1.0,0.0,1.0,1,0
fluchtwegepläne,1.0,0.0,1.0,1,0
flur,2.0,0.0,1.0,1,0
flutwegekennzeichnungen,1.0,0.0,1.0,1,0
flyer,5.0,0.0,1.0,1,0
flyers,1.0,0.0,1.0,0,0
flüchten,1.0,0.0,1.0,0,0
folgende,3.0,0.0,1.0,3,0
forbidden,2.0,0.0,1.0,0,0
fortgeführt,1.0,0.0,1.0,1,0
fragen,2.0,0.0,1.0,2,0
frank,4.0,0.0,1.0,3,0
frau,3.0,0.0,1.0,3,0
frederik,11.0,0.0,1.0,3,0
freuen,1.0,0.0,1.0,1,0
freundliche,1.0,0.0,1.0,1,0
freundlichen,11.0,0.0,1.0,9,0
freut,1.0,0.0,1.0,1,0
fuer,5.0,0.0,1.0,2,0
funktion,1.0,0.0,1.0,1,0
funktionieren,1.0,0.0,1.0,0,0
funktioniert,1.0,0.0,1.0,1,0
funktionsadressen,1.0,0.0,1.0,0,0
fällen,1.0,0.0,1.0,1,0
föller,2.0,0.0,1.0,0,0
förderinstitutionen,1.0,0.0,1.0,1,0
förderinstrumente,1.0,0.0,1.0,1,0
führen,1.0,0.0,1.0,0,0
gabi,1.0,0.0,1.0,0,0
gandcrab,1.0,0.0,1.0,1,0
ganz,2.0,0.0,1.0,1,0
gebraucht,1.0,0.0,1.0,0,0
gebäude,6.0,0.0,1.0,5,0
gedruckt,1.0,0.0,1.0,1,0
geehrte,7.0,0.0,1.0,6,0
geehrter,3.0,0.0,1.0,3,0
geforderte,1.0,0.0,1.0,1,0
gefälscht,1.0,0.0,1.0,0,0
gefälschte,1.0,0.0,1.0,1,0
geführt,1.0,0.0,1.0,0,0
gegebenenfalls,1.0,0.0,1.0,1,0
gegen,1.0,0.0,1.0,1,0
gekennzeichnet,2.0,0.0,1.0,1,0
geklärt,1.0,0.0,1.0,1,0
gelangen,1.0,0.0,1.0,0,0
gelegenheit,2.0,0.0,1.0,0,0
gelungen,1.0,0.0,1.0,0,0
gemeinsam,2.0,0.0,1.0,2,0
gemeinsamen,2.0,0.0,1.0,2,0
gemerkt,1.0,0.0,1.0,1,0
genannt,1.0,0.0,1.0,1,0
genannten,1.0,0.0,1.0,1,0
genau,1.0,0.0,1.0,1,0
genommen,1.0,0.0,1.0,1,0
gentarnte,1.0,0.0,1.0,1,0
genutzt,1.0,0.0,1.0,0,0
germany,3.0,0.0,1.0,3,0
gerne,7.0,0.0,1.0,6,0
geschuetzte,2.0,0.0,1.0,2,0
geschäftsbereich,1.0,0.0,1.0,1,0
geschützte,1.0,0.0,1.0,1,0
geschützten,1.0,0.0,1.0,1,0
gesellschaft,4.0,0.0,1.0,0,0
gesendet,4.0,0.0,1.0,0,0
gesonderte,1.0,0.0,1.0,1,0
gespitzten,1.0,0.0,1.0,1,0
gesprächs,1.0,0.0,1.0,1,0
gestattet,1.0,0.0,1.0,0,0
gestellt,1.0,0.0,1.0,0,0
gewinnen,1.0,0.0,1.0,1,0
geöffnet,1.0,0.0,1.0,1,0
ggf,1.0,0.0,1.0,0,0
gleich,1.0,0.0,1.0,1,0
gorges,3.0,0.0,1.0,1,0
grobe,2.0,0.0,1.0,2,0
grober,1.0,0.0,1.0,1,0
gross,1.0,0.0,1.0,1,0
groß,2.0,0.0,1.0,2,0
großem,1.0,0.0,1.0,1,0
großen,1.0,0.0,1.0,1,0
gründer,1.0,0.0,1.0,1,0
grüner,1.0,0.0,1.0,1,0
grüße,9.0,0.0,1.0,6,0
grüßen,12.0,0.0,1.0,8,0
gut,5.0,0.0,1.0,2,0
habe,4.0,0.0,1.0,4,0
haftung,2.0,0.0,1.0,2,0
haftungsausschluss,2.0,0.0,1.0,0,0
hallo,12.0,0.0,1.0,5,0
halten,1.0,0.0,1.0,0,0
handbuch,2.0,0.0,1.0,1,0
harvesting,1.0,0.0,1.0,0,0
hatte,3.0,0.0,1.0,3,0
hauptsitz,3.0,0.0,1.0,3,0
haupttreppenhaus,1.0,0.0,1.0,1,0
haus,3.0,0.0,1.0,2,0
haushaltsjahr,5.0,0.0,1.0,1,0
haushaltsjahres,1.0,0.0,1.0,1,0
haushaltsreste,1.0,0.0,1.0,1,0
haushaltssystem,1.0,0.0,1.0,0,0
hausmeister,1.0,0.0,1.0,0,0
hausnummer,2.0,0.0,1.0,2,0
heines,4.0,0.0,1.0,3,0
henschel,1.0,0.0,1.0,1,0
henter,5.0,0.0,1.0,1,0
herbert,2.0,0.0,1.0,1,0
herren,5.0,0.0,1.0,0,0
herrn,1.0,0.0,1.0,1,0
heruntergeladen,1.0,0.0,1.0,0,0
herzliche,1.0,0.0,1.0,1,0
hierbei,1.0,0.0,1.0,1,0
hiermit,2.0,0.0,1.0,2,0
hierzu,2.0,0.0,1.0,2,0
hilfe,1.0,0.0,1.0,1,0
hilfreich,2.0,0.0,1.0,2,0
hinaus,1.0,0.0,1.0,0,0
hintergrund,2.0,0.0,1.0,0,0
hinweisen,2.0,0.0,1.0,0,0
hinzuweisen,1.0,0.0,1.0,0,0
hochaktuelles,2.0,0.0,1.0,2,0
hochinteressantes,2.0,0.0,1.0,2,0
hochschul,1.0,0.0,1.0,0,0
hochschule,15.0,0.0,1.0,11,0
hochschulen,1.0,0.0,1.0,0,0
hochschulmarketing,1.0,0.0,1.0,1,0
hochschulservice,1.0,0.0,1.0,0,0
hoffe,2.0,0.0,1.0,1,0
hofweide,3.0,0.0,1.0,3,0
hopefully,1.0,0.0,1.0,0,0
hub,2.0,0.0,1.0,0,0
hummel,3.0,0.0,1.0,1,0
hände,1.0,0.0,1.0,1,0
hätten,1.0,0.0,1.0,0,0
höhe,1.0,0.0,1.0,1,0
ihm,1.0,0.0,1.0,1,0
ihnen,6.0,0.0,1.0,4,0
inbase64,1.0,0.0,1.0,0,0
industial,1.0,0.0,1.0,1,0
industriellen,2.0,0.0,1.0,2,0
infizieren,1.0,0.0,1.0,0,0
inform,2.0,0.0,1.0,0,0
informatik,8.0,0.0,1.0,3,0
information,4.0,0.0,1.0,2,0
informiere,1.0,0.0,1.0,1,0
informieren,3.0,0.0,1.0,2,0
ingelheim,2.0,0.0,1.0,2,0
inhalt,1.0,0.0,1.0,1,0
inhalte,5.0,0.0,1.0,3,0
inhalten,1.0,0.0,1.0,0,0
inhaltlich,2.0,0.0,1.0,2,0
inhaltliche,1.0,0.0,1.0,1,0
innenleben,1.0,0.0,1.0,1,0
innerhalb,1.0,0.0,1.0,1,0
installiert,1.0,0.0,1.0,0,0
instanzen,1.0,0.0,1.0,0,0
intended,2.0,0.0,1.0,2,0
international,3.0,0.0,1.0,1,0
internationale,1.0,0.0,1.0,1,0
internationalen,1.0,0.0,1.0,1,0
internen,1.0,0.0,1.0,1,0
internet,7.0,0.0,1.0,1,0
ipython,1.0,0.0,1.0,0,0
irrtuemlich,2.0,0.0,1.0,2,0
irrtümlich,1.0,0.0,1.0,1,0
ja,2.0,0.0,1.0,2,0
jahre,1.0,0.0,1.0,0,0
jede,2.0,0.0,1.0,2,0
jedes,1.0,0.0,1.0,1,0
jegliche,2.0,0.0,1.0,2,0
jeweiligen,1.0,0.0,1.0,1,0
jupyter,1.0,0.0,1.0,0,0
karlsruher,1.0,0.0,1.0,1,0
kassenanschlag,1.0,0.0,1.0,1,0
kassenschluss,3.0,0.0,1.0,1,0
kb,1.0,0.0,1.0,1,0
keinen,1.0,0.0,1.0,1,0
keinerlei,1.0,0.0,1.0,1,0
kennwort,4.0,0.0,1.0,1,0
kennwortschutz,1.0,0.0,1.0,1,0
kennzeichnungsstatus,1.0,0.0,1.0,0,0
klartext,1.0,0.0,1.0,1,0
kleinen,1.0,0.0,1.0,1,0
klicken,3.0,0.0,1.0,1,0
klingt,1.0,0.0,1.0,1,0
kodierter,1.0,0.0,1.0,0,0
koennen,2.0,0.0,1.0,2,0
kollegen,7.0,0.0,1.0,1,0
kolleginnen,7.0,0.0,1.0,5,0
kolloquium,1.0,0.0,1.0,1,0
kolloquiums,1.0,0.0,1.0,0,0
komme,1.0,0.0,1.0,1,0
kommen,1.0,0.0,1.0,1,0
kommende,1.0,0.0,1.0,1,0
kommunikationsbeziehungen,1.0,0.0,1.0,1,0
konkrete,2.0,0.0,1.0,2,0
konkreter,2.0,0.0,1.0,2,0
konnten,1.0,0.0,1.0,0,0
kontakte,1.0,0.0,1.0,0,0
konten,1.0,0.0,1.0,1,0
kooperation,1.0,0.0,1.0,1,0
kopfzeilen,1.0,0.0,1.0,1,0
kopien,2.0,0.0,1.0,2,0
kopieren,1.0,0.0,1.0,1,0
kostenloses,1.0,0.0,1.0,1,0
krepinsky,1.0,0.0,1.0,1,0
kryptos,1.0,0.0,1.0,1,0
kuczinski,1.0,0.0,1.0,1,0
kufstein,3.0,0.0,1.0,3,0
kundenkarten,1.0,0.0,1.0,0,0
kw,2.0,0.0,1.0,2,0
köln,3.0,0.0,1.0,3,0
könnten,2.0,0.0,1.0,2,0
kühnau,1.0,0.0,1.0,1,0
l208,1.0,0.0,1.0,1,0
lade,1.0,0.0,1.0,1,0
laufe,2.0,0.0,1.0,2,0
laufen,1.0,0.0,1.0,1,0
laufende,1.0,0.0,1.0,1,0
laufenden,1.0,0.0,1.0,1,0
laut,1.0,0.0,1.0,1,0
lba,1.0,0.0,1.0,0,0
learning,2.0,0.0,1.0,1,0
lediglich,1.0,0.0,1.0,1,0
leider,2.0,0.0,1.0,2,0
leipzig,3.0,0.0,1.0,3,0
leiter,1.0,0.0,1.0,1,0
leiterin,2.0,0.0,1.0,2,0
letzten,6.0,0.0,1.0,3,0
liability,2.0,0.0,1.0,2,0
liebe,6.0,0.0,1.0,6,0
lieben,1.0,0.0,1.0,1,0
lieferschein,1.0,0.0,1.0,1,0
links,5.0,0.0,1.0,2,0
linz,3.0,0.0,1.0,3,0
listinfo,1.0,0.0,1.0,0,0
loeschen,2.0,0.0,1.0,2,0
logic,1.0,0.0,1.0,1,0
loss,2.0,0.0,1.0,2,0
ludwigshafen,7.0,0.0,1.0,3,0
luis,2.0,0.0,1.0,1,0
löschen,2.0,0.0,1.0,2,0
lösegeld,1.0,0.0,1.0,1,0
machine,1.0,0.0,1.0,1,0
mai,1.0,0.0,1.0,1,0
mailadressen,1.0,0.0,1.0,0,0
mailing,1.0,0.0,1.0,1,0
mailman,1.0,0.0,1.0,0,0
mailservers,1.0,0.0,1.0,1,0
mailto,1.0,0.0,1.0,0,0
makros,3.0,0.0,1.0,1,0
malware,1.0,0.0,1.0,0,0
mannheim,57.0,0.0,1.0,11,0
mannheimer,2.0,0.0,1.0,1,0
manufacturing,3.0,0.0,1.0,3,0
mapi,1.0,0.0,1.0,0,0
markierte,1.0,0.0,1.0,1,0
masche,1.0,0.0,1.0,1,0
matplotlib,1.0,0.0,1.0,1,0
medien,2.0,0.0,1.0,2,0
medientechnik,1.0,0.0,1.0,0,0
meine,1.0,0.0,1.0,1,0
meinen,2.0,0.0,1.0,2,0
meiner,2.0,0.0,1.0,2,0
melden,1.0,0.0,1.0,1,0
menü,1.0,0.0,1.0,1,0
message,6.0,0.0,1.0,2,0
messaging,1.0,0.0,1.0,1,0
michael,5.0,0.0,1.0,3,0
michaela,6.0,0.0,1.0,2,0
migriert,1.0,0.0,1.0,0,0
millionen,1.0,0.0,1.0,1,0
mir,4.0,0.0,1.0,4,0
miriam,1.0,0.0,1.0,1,0
misconduct,1.0,0.0,1.0,0,0
mistake,2.0,0.0,1.0,2,0
mitarbeitern,1.0,0.0,1.0,1,0
mitgesendete,1.0,0.0,1.0,1,0
mithilfe,1.0,0.0,1.0,1,0
mitnehmen,1.0,0.0,1.0,1,0
mittelfristige,2.0,0.0,1.0,2,0
mittwoch,2.0,0.0,1.0,1,0
mitzuteilen,1.0,0.0,1.0,0,0
mobile,3.0,0.0,1.0,0,0
mobiles,1.0,0.0,1.0,1,0
mobilität,1.0,0.0,1.0,1,0
modul,2.0,0.0,1.0,0,0
montag,4.0,0.0,1.0,1,0
mustermann,3.0,0.0,1.0,0,0
möchte,5.0,0.0,1.0,2,0
möchten,2.0,0.0,1.0,0,0
mögliche,1.0,0.0,1.0,1,0
mögliches,2.0,0.0,1.0,2,0
möglichst,1.0,0.0,1.0,1,0
nachfolgenden,1.0,0.0,1.0,1,0
nachgeladen,1.0,0.0,1.0,1,0
nachnamen,2.0,0.0,1.0,0,0
nachricht,10.0,0.0,1.0,3,0
nachrichten,3.0,0.0,1.0,2,0
nachrichteninhalte,1.0,0.0,1.0,0,0
nachrichteninhalts,1.0,0.0,1.0,0,0
nachschlagen,1.0,0.0,1.0,1,0
namen,2.0,0.0,1.0,1,0
nas,1.0,0.0,1.0,1,0
negligence,1.0,0.0,1.0,1,0
nehmen,1.0,0.0,1.0,1,0
nennen,1.0,0.0,1.0,1,0
newsletter,2.0,0.0,1.0,1,0
nextcloud,2.0,0.0,1.0,1,0
nicolas,3.0,0.0,1.0,1,0
nochmals,3.0,0.0,1.0,2,0
nord,2.0,0.0,1.0,0,0
notify,2.0,0.0,1.0,2,0
november,4.0,0.0,1.0,4,0
numpy,1.0,0.0,1.0,0,0
nutzern,1.0,0.0,1.0,1,0
nächste,1.0,0.0,1.0,1,0
nächsten,4.0,0.0,1.0,4,0
nächster,1.0,0.0,1.0,1,0
nämlich,1.0,0.0,1.0,1,0
nünchritz,3.0,0.0,1.0,3,0
oc,2.0,0.0,1.0,1,0
ohren,1.0,0.0,1.0,1,0
oktober,3.0,0.0,1.0,2,0
oliver,2.0,0.0,1.0,1,0
organisation,1.0,0.0,1.0,0,0
original,3.0,0.0,1.0,2,0
otrs,1.0,0.0,1.0,0,0
outlook,4.0,0.0,1.0,1,0
outreach,1.0,0.0,1.0,0,0
owncloud,2.0,0.0,1.0,1,0
p99,1.0,0.0,1.0,1,0
pandas,1.0,0.0,1.0,0,0
passt,2.0,0.0,1.0,1,0
passwort,2.0,0.0,1.0,1,0
paul,8.0,0.0,1.0,0,0
pcs,1.0,0.0,1.0,1,0
pdf,2.0,0.0,1.0,1,0
penzberg,3.0,0.0,1.0,3,0
personen,2.0,0.0,1.0,1,0
persönlichen,1.0,0.0,1.0,1,0
ppt,1.0,0.0,1.0,1,0
predictive,1.0,0.0,1.0,1,0
prima,1.0,0.0,1.0,0,0
prinzipiell,1.0,0.0,1.0,1,0
privileged,2.0,0.0,1.0,2,0
prof,5.0,0.0,1.0,1,0
professoren,2.0,0.0,1.0,0,0
professoreni,3.0,0.0,1.0,1,0
professorinnen,1.0,0.0,1.0,1,0
programmen,1.0,0.0,1.0,0,0
projektsemesters,2.0,0.0,1.0,2,0
präsentation,1.0,0.0,1.0,0,0
prüfen,2.0,0.0,1.0,2,0
prüfung,1.0,0.0,1.0,1,0
python,2.0,0.0,1.0,2,0
pü1,1.0,0.0,1.0,1,0
pü2,2.0,0.0,1.0,1,0
ransomware,1.0,0.0,1.0,0,0
rar,1.0,0.0,1.0,0,0
raum,3.0,0.0,1.0,3,0
rechnen,1.0,0.0,1.0,1,0
rechnung,2.0,0.0,1.0,2,0
rechnungen,2.0,0.0,1.0,2,0
rechtlich,3.0,0.0,1.0,3,0
registered,4.0,0.0,1.0,3,0
registergericht,4.0,0.0,1.0,0,0
registration,4.0,0.0,1.0,3,0
reinigungsdienst,1.0,0.0,1.0,0,0
reise,1.0,0.0,1.0,1,0
ressourcenmanagement,1.0,0.0,1.0,1,0
ressourcenplanung,2.0,0.0,1.0,0,0
reste,1.0,0.0,1.0,1,0
restwoche,1.0,0.0,1.0,0,0
reutlingen,1.0,0.0,1.0,0,0
richtige,1.0,0.0,1.0,1,0
roeper,2.0,0.0,1.0,0,0
roth,4.0,0.0,1.0,0,0
rufen,1.0,0.0,1.0,1,0
räumen,1.0,0.0,1.0,1,0
räumung,1.0,0.0,1.0,1,0
röper,4.0,0.0,1.0,2,0
rückfragen,1.0,0.0,1.0,1,0
rückgängig,1.0,0.0,1.0,1,0
sache,1.0,0.0,1.0,0,0
sachverhalte,1.0,0.0,1.0,1,0
schadprogramme,1.0,0.0,1.0,1,0
schadprogrammen,1.0,0.0,1.0,0,0
schadsoftware,1.0,0.0,1.0,1,0
schadt,4.0,0.0,1.0,3,0
schaeden,2.0,0.0,1.0,2,0
schicken,1.0,0.0,1.0,1,0
schliessen,1.0,0.0,1.0,1,0
schließen,1.0,0.0,1.0,1,0
schlusspunkt,1.0,0.0,1.0,0,0
schneider,1.0,0.0,1.0,1,0
schnell,1.0,0.0,1.0,1,0
schulz,9.0,0.0,1.0,2,0
schwarzheide,3.0,0.0,1.0,3,0
schweben,1.0,0.0,1.0,1,0
schädliche,2.0,0.0,1.0,1,0
schöner,1.0,0.0,1.0,0,0
schönes,1.0,0.0,1.0,1,0
schützen,1.0,0.0,1.0,1,0
sciences,3.0,0.0,1.0,3,0
scikit,2.0,0.0,1.0,0,0
sehen,1.0,0.0,1.0,0,0
sehr,12.0,0.0,1.0,9,0
selbst,2.0,0.0,1.0,2,0
semester,1.0,0.0,1.0,1,0
senden,2.0,0.0,1.0,1,0
sender,2.0,0.0,1.0,0,0
sicher,1.0,0.0,1.0,0,0
sichergestellt,1.0,0.0,1.0,1,0
sicherheitsdienstleister,1.0,0.0,1.0,0,0
sicherheitsempfinden,1.0,0.0,1.0,1,0
sicherheitssystem,1.0,0.0,1.0,0,0
signalisiert,1.0,0.0,1.0,1,0
situation,2.0,0.0,1.0,2,0
slam,1.0,0.0,1.0,1,0
smits,1.0,0.0,1.0,1,0
sofort,2.0,0.0,1.0,2,0
solche,1.0,0.0,1.0,1,0
solches,1.0,0.0,1.0,1,0
sollen,1.0,0.0,1.0,1,0
solutions,4.0,0.0,1.0,3,0
sommersemester,2.0,0.0,1.0,2,0
sondermitteln,1.0,0.0,1.0,0,0
sondern,1.0,0.0,1.0,1,0
sorge,1.0,0.0,1.0,1,0
sortiert,1.0,0.0,1.0,1,0
souza,1.0,0.0,1.0,1,0
spam,3.0,0.0,1.0,1,0
spammailinhalte,1.0,0.0,1.0,1,0
spannende,1.0,0.0,1.0,1,0
specht,3.0,0.0,1.0,1,0
speichern,1.0,0.0,1.0,0,0
speyer,13.0,0.0,1.0,3,0
spezielle,1.0,0.0,1.0,1,0
spiratec,18.0,0.0,1.0,3,0
sprechen,1.0,0.0,1.0,1,0
später,1.0,0.0,1.0,1,0
staab,4.0,0.0,1.0,3,0
startups,1.0,0.0,1.0,1,0
stattdessen,1.0,0.0,1.0,1,0
stattfinden,1.0,0.0,1.0,1,0
steinerner,1.0,0.0,1.0,1,0
stelle,1.0,0.0,1.0,1,0
stets,1.0,0.0,1.0,1,0
stocard,1.0,0.0,1.0,1,0
straße,4.0,0.0,1.0,0,0
strictly,2.0,0.0,1.0,2,0
studiengang,1.0,0.0,1.0,1,0
supervisory,4.0,0.0,1.0,3,0
sächlichen,1.0,0.0,1.0,1,0
tag,3.0,0.0,1.0,2,0
tage,1.0,0.0,1.0,1,0
tagen,2.0,0.0,1.0,2,0
tagung,2.0,0.0,1.0,1,0
tbl,4.0,0.0,1.0,0,0
techniken,1.0,0.0,1.0,1,0
technischer,2.0,0.0,1.0,2,0
teil,2.0,0.0,1.0,2,0
teilnehmen,1.0,0.0,1.0,0,0
tel,7.0,0.0,1.0,0,0
telefon,3.0,0.0,1.0,1,0
telefongespräch,1.0,0.0,1.0,1,0
telefonischen,1.0,0.0,1.0,1,0
tensorflow,1.0,0.0,1.0,1,0
termin,6.0,0.0,1.0,3,0
terminvorschlag,1.0,0.0,1.0,0,0
terminvorschläge,2.0,0.0,1.0,2,0
terminübersicht,1.0,0.0,1.0,1,0
teska,5.0,0.0,1.0,1,0
themenfeld,2.0,0.0,1.0,0,0
themenkomplex,2.0,0.0,1.0,2,0
thomas,4.0,0.0,1.0,2,0
ticketing,2.0,0.0,1.0,2,0
together,2.0,0.0,1.0,0,0
tool,2.0,0.0,1.0,1,0
tragen,1.0,0.0,1.0,1,0
treffen,3.0,0.0,1.0,1,0
treppenturmes,1.0,0.0,1.0,1,0
trojanern,1.0,0.0,1.0,1,0
trojaners,1.0,0.0,1.0,0,0
trojanerverdacht,1.0,0.0,1.0,0,0
tutoren,4.0,0.0,1.0,2,0
uhr,3.0,0.0,1.0,2,0
uib,2.0,0.0,1.0,1,0
uip,5.0,0.0,1.0,2,0
ulm,3.0,0.0,1.0,3,0
umfang,1.0,0.0,1.0,1,0
umfassende,1.0,0.0,1.0,1,0
umgehen,1.0,0.0,1.0,0,0
umgehend,1.0,0.0,1.0,1,0
umso,1.0,0.0,1.0,1,0
umständlich,1.0,0.0,1.0,1,0
unauthorized,2.0,0.0,1.0,2,0
unbedingt,1.0,0.0,1.0,1,0
unbefugte,3.0,0.0,1.0,3,0
unerlaubte,1.0,0.0,1.0,1,0
unklarheiten,1.0,0.0,1.0,1,0
unsere,5.0,0.0,1.0,5,0
unserem,3.0,0.0,1.0,3,0
unseres,1.0,0.0,1.0,1,0
unterhaltsamen,1.0,0.0,1.0,1,0
unternehmens,2.0,0.0,1.0,0,0
untersagt,2.0,0.0,1.0,0,0
ursprüngliche,1.0,0.0,1.0,0,0
ursula,1.0,0.0,1.0,1,0
usw,1.0,0.0,1.0,0,0
uta,2.0,0.0,1.0,1,0
vacaville,3.0,0.0,1.0,3,0
variante,1.0,0.0,1.0,1,0
veraenderter,2.0,0.0,1.0,2,0
veraenderung,2.0,0.0,1.0,2,0
veranstaltungen,1.0,0.0,1.0,1,0
verarbeitung,1.0,0.0,1.0,1,0
verausgaben,1.0,0.0,1.0,0,0
verbessert,1.0,0.0,1.0,1,0
verbreitung,1.0,0.0,1.0,1,0
verfahren,1.0,0.0,1.0,1,0
vergangenheit,1.0,0.0,1.0,1,0
vergeben,1.0,0.0,1.0,0,0
verleiten,1.0,0.0,1.0,0,0
verluste,2.0,0.0,1.0,2,0
vermisse,1.0,0.0,1.0,1,0
vermögen,1.0,0.0,1.0,1,0
veroeffentlicht,1.0,0.0,1.0,0,0
verschlüsselt,1.0,0.0,1.0,1,0
verschlüsselung,1.0,0.0,1.0,1,0
versenden,2.0,0.0,1.0,1,0
versendet,2.0,0.0,1.0,0,0
versendete,2.0,0.0,1.0,2,0
verstärkt,1.0,0.0,1.0,1,0
versucht,1.0,0.0,1.0,0,0
vertiefungsschwerpunkte,1.0,0.0,1.0,1,0
vertraulich,1.0,0.0,1.0,0,0
vertrauliche,5.0,0.0,1.0,4,0
vertraulichen,1.0,0.0,1.0,1,0
verursacht,2.0,0.0,1.0,2,0
vgl,1.0,0.0,1.0,0,0
vielleicht,2.0,0.0,1.0,2,0
viktoria,1.0,0.0,1.0,1,0
viren,1.0,0.0,1.0,0,0
virenbefallene,2.0,0.0,1.0,2,0
viruses,2.0,0.0,1.0,1,0
visier,1.0,0.0,1.0,1,0
vorbesprechung,1.0,0.0,1.0,1,0
vorgebliche,1.0,0.0,1.0,1,0
vorgemerkte,2.0,0.0,1.0,2,0
vorgesetzten,2.0,0.0,1.0,2,0
vorliegen,1.0,0.0,1.0,0,0
vormittag,2.0,0.0,1.0,2,0
vorsatz,1.0,0.0,1.0,1,0
vorschlag,1.0,0.0,1.0,1,0
vorsitzender,4.0,0.0,1.0,3,0
vorstand,4.0,0.0,1.0,0,0
vortrag,1.0,0.0,1.0,1,0
vorträge,1.0,0.0,1.0,1,0
wachsam,1.0,0.0,1.0,1,0
wahlpflichtbereich,1.0,0.0,1.0,1,0
ware,1.0,0.0,1.0,1,0
watch,1.0,0.0,1.0,0,0
webseite,2.0,0.0,1.0,1,0
wegen,1.0,0.0,1.0,1,0
weitem,1.0,0.0,1.0,1,0
weitere,2.0,0.0,1.0,2,0
weiteres,1.0,0.0,1.0,1,0
weitergabe,3.0,0.0,1.0,1,0
weiterleitung,1.0,0.0,1.0,1,0
weiterverbreiten,1.0,0.0,1.0,1,0
weitest,1.0,0.0,1.0,1,0
weitflächig,1.0,0.0,1.0,1,0
weiß,1.0,0.0,1.0,1,0
welcher,1.0,0.0,1.0,1,0
wenden,2.0,0.0,1.0,1,0
wenig,1.0,0.0,1.0,0,0
werde,3.0,0.0,1.0,3,0
werkstatt,1.0,0.0,1.0,0,0
wi1,2.0,0.0,1.0,1,0
wia,1.0,0.0,1.0,1,0
wichtig,2.0,0.0,1.0,2,0
wieder,1.0,0.0,1.0,1,0
wien,3.0,0.0,1.0,3,0
wilful,1.0,0.0,1.0,1,0
wirtschafts,1.0,0.0,1.0,0,0
wirtschaftsinformatik,1.0,0.0,1.0,1,0
wittsack,8.0,0.0,1.0,0,0
wobei,1.0,0.0,1.0,1,0
woche,9.0,0.0,1.0,5,0
wochenende,1.0,0.0,1.0,1,0
word,3.0,0.0,1.0,0,0
wurden,3.0,0.0,1.0,1,0
wählen,2.0,0.0,1.0,1,0
wünsche,4.0,0.0,1.0,3,0
wünscht,1.0,0.0,1.0,1,0
würde,1.0,0.0,1.0,1,0
würden,3.0,0.0,1.0,3,0
xmrpnexsujc,1.0,0.0,1.0,0,0
xxx,1.0,0.0,1.0,0,0
youtube,1.0,0.0,1.0,0,0
zahlen,1.0,0.0,1.0,1,0
zahlreiche,1.0,0.0,1.0,1,0
zahlstelle,1.0,0.0,1.0,1,0
zahlung,1.0,0.0,1.0,0,0
zahlungen,1.0,0.0,1.0,1,0
zeitpunkt,1.0,0.0,1.0,1,0
zielland,1.0,0.0,1.0,0,0
zielperson,1.0,0.0,1.0,1,0
zitiere,1.0,0.0,1.0,1,0
zudem,2.0,0.0,1.0,1,0
zugenommen,1.0,0.0,1.0,0,0
zugerechnet,1.0,0.0,1.0,1,0
zugewiesen,1.0,0.0,1.0,1,0
zuhörer,1.0,0.0,1.0,0,0
zukommen,3.0,0.0,1.0,3,0
zusammen,2.0,0.0,1.0,0,0
zusammenfassung,1.0,0.0,1.0,1,0
zusammenstellung,1.0,0.0,1.0,1,0
zwar,2.0,0.0,1.0,0,0
zweifelsfall,1.0,0.0,1.0,1,0
zweite,1.0,0.0,1.0,1,0
zwilling,2.0,0.0,1.0,0,0
änderungen,1.0,0.0,1.0,1,0
öffnen,3.0,0.0,1.0,1,0
übermittelt,1.0,0.0,1.0,0,0
übersicht,2.0,0.0,1.0,2,0
übertragen,2.0,0.0,1.0,1,0
übungsblatt,1.0,0.0,1.0,1,0
00,2.0,1.0,0.6666666666666666,0,0
000,0.0,1.0,0.0,0,0
060,0.0,1.0,0.0,0,1
11t,0.0,1.0,0.0,0,1
12,5.0,1.0,0.8333333333333334,0,0
1208,0.0,1.0,0.0,0,1
12t,0.0,1.0,0.0,0,1
13,1.0,1.0,0.5,0,0
14,2.0,1.0,0.6666666666666666,0,0
140,0.0,1.0,0.0,0,0
16th,0.0,1.0,0.0,0,1
17,1.0,1.0,0.5,0,1
173,0.0,1.0,0.0,0,0
18,1.0,1.0,0.5,0,1
181,0.0,1.0,0.0,0,1
2012,0.0,1.0,0.0,0,1
2015,0.0,1.0,0.0,0,1
2017,0.0,1.0,0.0,0,1
2025,0.0,1.0,0.0,0,1
2440,0.0,1.0,0.0,0,1
26,1.0,1.0,0.5,1,0
28,1.0,1.0,0.5,0,0
29,1.0,1.0,0.5,0,0
2ndfl,0.0,1.0,0.0,0,1
3040,0.0,1.0,0.0,0,1
32,0.0,1.0,0.0,0,0
40,0.0,1.0,0.0,0,1
50,0.0,1.0,0.0,0,1
53,0.0,1.0,0.0,0,0
5372,0.0,1.0,0.0,0,1
66,0.0,1.0,0.0,0,1
699,0.0,1.0,0.0,0,1
7103,0.0,1.0,0.0,0,1
766,0.0,1.0,0.0,0,1
81,0.0,1.0,0.0,0,1
893,0.0,1.0,0.0,0,1
9072,0.0,1.0,0.0,0,1
92,0.0,1.0,0.0,0,0
ab,1.0,1.0,0.5,1,0
abgeschlossen,0.0,1.0,0.0,0,1
ablauforganisation,0.0,1.0,0.0,0,0
abmelden,0.0,1.0,0.0,0,1
abon,0.0,1.0,0.0,0,1
abonnieren,0.0,1.0,0.0,0,1
abrechnungslösung,0.0,1.0,0.0,0,0
abteilungen,0.0,1.0,0.0,0,1
abzu,0.0,1.0,0.0,0,1
abzuwarten,0.0,1.0,0.0,0,0
acce,0.0,1.0,0.0,0,1
access,0.0,1.0,0.0,0,1
account,0.0,1.0,0.0,0,1
achtung,0.0,1.0,0.0,0,0
acy,0.0,1.0,0.0,0,1
ade,0.0,1.0,0.0,0,1
advi,0.0,1.0,0.0,0,1
advis,0.0,1.0,0.0,0,1
aft,0.0,1.0,0.0,0,0
ag,10.0,1.0,0.9090909090909091,3,1
age,0.0,1.0,0.0,0,1
agie,0.0,1.0,0.0,0,1
agile,0.0,1.0,0.0,0,1
agilen,0.0,1.0,0.0,0,1
agli,0.0,1.0,0.0,0,1
ahr,0.0,1.0,0.0,0,1
ai,0.0,1.0,0.0,0,1
ail,0.0,1.0,0.0,0,1
aims,0.0,1.0,0.0,0,1
aker,0.0,1.0,0.0,0,1
aktiv,0.0,1.0,0.0,0,0
aktu,0.0,1.0,0.0,0,1
aktualisieren,0.0,1.0,0.0,0,1
aktuell,1.0,1.0,0.5,1,1
al,0.0,1.0,0.0,0,1
alen,0.0,1.0,0.0,0,1
all,0.0,1.0,0.0,0,1
alles,0.0,1.0,0.0,0,1
allumfassende,0.0,1.0,0.0,0,1
alten,1.0,1.0,0.5,1,1
alter,0.0,1.0,0.0,0,1
altlasten,0.0,1.0,0.0,0,0
altu,0.0,1.0,0.0,0,1
altwelt,0.0,1.0,0.0,0,1
always,0.0,1.0,0.0,0,1
ame,0.0,1.0,0.0,0,1
amts,0.0,1.0,0.0,0,1
ana,0.0,1.0,0.0,0,1
analy,0.0,1.0,0.0,0,1
analysen,0.0,1.0,0.0,0,1
anbietet,0.0,1.0,0.0,0,1
anc,0.0,1.0,0.0,0,1
anderes,0.0,1.0,0.0,0,1
andreas,4.0,1.0,0.8,3,1
anga,0.0,1.0,0.0,0,1
angebote,0.0,1.0,0.0,0,0
angekommen,0.0,1.0,0.0,0,0
angesichts,0.0,1.0,0.0,0,1
aniz,0.0,1.0,0.0,0,1
anlage,0.0,1.0,0.0,0,0
anonymen,0.0,1.0,0.0,0,1
anonymer,0.0,1.0,0.0,0,1
anst,0.0,1.0,0.0,0,1
anwendungsbeispiel,0.0,1.0,0.0,0,1
anwendungsszenarien,0.0,1.0,0.0,0,0
anyo,0.0,1.0,0.0,0,1
anything,0.0,1.0,0.0,0,1
apologize,0.0,1.0,0.0,0,1
apotheker,0.0,1.0,0.0,0,1
app,1.0,1.0,0.5,0,1
appli,0.0,1.0,0.0,0,1
appliance,0.0,1.0,0.0,0,0
applikationen,0.0,1.0,0.0,0,1
apps,0.0,1.0,0.0,0,1
arbeitsmethoden,0.0,1.0,0.0,0,1
architecture,0.0,1.0,0.0,0,1
area,0.0,1.0,0.0,0,1
arf,0.0,1.0,0.0,0,1
astr,0.0,1.0,0.0,0,1
ate,0.0,1.0,0.0,0,0
ation,0.0,1.0,0.0,0,1
ato,0.0,1.0,0.0,0,1
ator,0.0,1.0,0.0,0,1
ats,0.0,1.0,0.0,0,0
atta,0.0,1.0,0.0,0,1
atzst,0.0,1.0,0.0,0,1
aufgaben,0.0,1.0,0.0,0,1
aufgelegt,0.0,1.0,0.0,0,0
aufräumt,0.0,1.0,0.0,0,0
aufsi,0.0,1.0,0.0,0,1
augenhöhe,0.0,1.0,0.0,0,1
august,0.0,1.0,0.0,0,1
ausblick,0.0,1.0,0.0,0,0
ausf,0.0,1.0,0.0,0,1
ausgeführt,0.0,1.0,0.0,0,1
ausgelegt,0.0,1.0,0.0,0,1
ausprägungen,0.0,1.0,0.0,0,1
ausrede,0.0,1.0,0.0,0,0
auth,0.0,1.0,0.0,0,1
autonom,0.0,1.0,0.0,0,1
av,0.0,1.0,0.0,0,1
available,0.0,1.0,0.0,0,1
aval,0.0,1.0,0.0,0,1
ave,0.0,1.0,0.0,0,0
aws,0.0,1.0,0.0,0,0
b2b,0.0,1.0,0.0,0,0
b4b,0.0,1.0,0.0,0,1
b7p,0.0,1.0,0.0,0,0
ba,0.0,1.0,0.0,0,1
bal,0.0,1.0,0.0,0,1
balance,0.0,1.0,0.0,0,0
bang,0.0,1.0,0.0,0,1
bar,0.0,1.0,0.0,0,0
basierten,0.0,1.0,0.0,0,0
basis,0.0,1.0,0.0,0,1
bedarfsgesteuerte,0.0,1.0,0.0,0,1
bedeutete,0.0,1.0,0.0,0,1
been,0.0,1.0,0.0,0,1
behaupten,0.0,1.0,0.0,0,0
beiden,1.0,1.0,0.5,1,1
being,0.0,1.0,0.0,0,1
beitrag,1.0,1.0,0.5,1,1
bekannt,1.0,1.0,0.5,1,1
beleuchtung,0.0,1.0,0.0,0,1
benötigen,0.0,1.0,0.0,0,1
bereit,0.0,1.0,0.0,0,0
beri,0.0,1.0,0.0,0,1
berücksichtigt,0.0,1.0,0.0,0,0
beschaffung,1.0,1.0,0.5,1,0
beschäftigen,0.0,1.0,0.0,0,0
best,3.0,1.0,0.75,2,1
bestand,0.0,1.0,0.0,0,1
bestands,0.0,1.0,0.0,0,0
bestandskunde,0.0,1.0,0.0,0,0
bestandteil,0.0,1.0,0.0,0,1
beste,2.0,1.0,0.6666666666666666,2,0
bestimmen,0.0,1.0,0.0,0,1
betrachtet,0.0,1.0,0.0,0,0
betreffen,0.0,1.0,0.0,0,0
betrieb,0.0,1.0,0.0,0,1
betriebsmodelle,0.0,1.0,0.0,0,1
betriebsprozesses,0.0,1.0,0.0,0,0
better,0.0,1.0,0.0,0,0
beverage,0.0,1.0,0.0,0,1
bewerten,0.0,1.0,0.0,0,1
bewältigen,0.0,1.0,0.0,0,0
bewältigung,0.0,1.0,0.0,0,1
bhs,0.0,1.0,0.0,0,1
bi,0.0,1.0,0.0,0,1
biet,0.0,1.0,0.0,0,1
bieten,0.0,1.0,0.0,0,1
bieter,0.0,1.0,0.0,0,1
bilden,0.0,1.0,0.0,0,1
bind,0.0,1.0,0.0,0,1
biology,0.0,1.0,0.0,0,0
bisherigen,0.0,1.0,0.0,0,1
bl,0.0,1.0,0.0,0,1
blade,0.0,1.0,0.0,0,1
blauäugige,0.0,1.0,0.0,0,1
bleibt,0.0,1.0,0.0,0,1
bli,0.0,1.0,0.0,0,1
blic,0.0,1.0,0.0,0,1
blick,0.0,1.0,0.0,0,1
blickt,0.0,1.0,0.0,0,1
blin,0.0,1.0,0.0,0,1
blog,0.0,1.0,0.0,0,1
bnis,0.0,1.0,0.0,0,1
boden,0.0,1.0,0.0,0,1
bot,0.0,1.0,0.0,0,1
bout,0.0,1.0,0.0,0,0
br,0.0,1.0,0.0,0,1
branche,0.0,1.0,0.0,0,1
brauchen,0.0,1.0,0.0,0,0
braucht,0.0,1.0,0.0,0,1
breiten,0.0,1.0,0.0,0,1
bri,0.0,1.0,0.0,0,1
bringt,0.0,1.0,0.0,0,1
bro,0.0,1.0,0.0,0,1
brückenbauer,0.0,1.0,0.0,0,1
bscri,0.0,1.0,0.0,0,1
bscrib,0.0,1.0,0.0,0,1
bu,0.0,1.0,0.0,0,1
buil,0.0,1.0,0.0,0,1
built,0.0,1.0,0.0,0,0
busin,0.0,1.0,0.0,0,1
buy,0.0,1.0,0.0,0,1
buzzwords,0.0,1.0,0.0,0,1
bäss,0.0,1.0,0.0,0,1
ca,0.0,1.0,0.0,0,1
cam,0.0,1.0,0.0,0,1
canc,0.0,1.0,0.0,0,1
case,1.0,1.0,0.5,1,1
catio,0.0,1.0,0.0,0,1
caused,2.0,1.0,0.6666666666666666,2,1
cean,0.0,1.0,0.0,0,1
celo,0.0,1.0,0.0,0,1
center,0.0,1.0,0.0,0,1
ceo,0.0,1.0,0.0,0,0
cerd,0.0,1.0,0.0,0,1
cfo,0.0,1.0,0.0,0,1
cha,0.0,1.0,0.0,0,1
chaf,0.0,1.0,0.0,0,1
channel,0.0,1.0,0.0,0,1
charismatische,0.0,1.0,0.0,0,1
chemie,0.0,1.0,0.0,0,0
chemistry,0.0,1.0,0.0,0,0
chm,0.0,1.0,0.0,0,1
christophe,0.0,1.0,0.0,0,1
chte,0.0,1.0,0.0,0,1
chtsr,0.0,1.0,0.0,0,1
cise,0.0,1.0,0.0,0,1
ck,0.0,1.0,0.0,0,1
clear,0.0,1.0,0.0,0,0
clic,0.0,1.0,0.0,0,1
click,0.0,1.0,0.0,0,1
clou,0.0,1.0,0.0,0,1
cloudbasierten,0.0,1.0,0.0,0,1
cognitive,0.0,1.0,0.0,0,1
comments,0.0,1.0,0.0,0,1
committed,0.0,1.0,0.0,0,1
communications,0.0,1.0,0.0,0,1
competence,0.0,1.0,0.0,0,1
complete,0.0,1.0,0.0,0,0
confi,0.0,1.0,0.0,0,1
configuration,0.0,1.0,0.0,0,1
connecting,0.0,1.0,0.0,0,1
cons,0.0,1.0,0.0,0,1
consideration,0.0,1.0,0.0,0,0
contact,0.0,1.0,0.0,0,1
content,0.0,1.0,0.0,0,0
continues,0.0,1.0,0.0,0,1
course,0.0,1.0,0.0,0,1
cpm,0.0,1.0,0.0,0,0
cra,0.0,1.0,0.0,0,1
crai,0.0,1.0,0.0,0,1
craig,0.0,1.0,0.0,0,1
ctur,0.0,1.0,0.0,0,1
cuga,0.0,1.0,0.0,0,1
cy,0.0,1.0,0.0,0,1
cyb,0.0,1.0,0.0,0,1
dab,0.0,1.0,0.0,0,1
danach,0.0,1.0,0.0,0,1
dar,0.0,1.0,0.0,0,0
daran,1.0,1.0,0.5,1,0
daraus,0.0,1.0,0.0,0,1
darin,2.0,1.0,0.6666666666666666,2,0
darum,0.0,1.0,0.0,0,1
datenschutz,0.0,1.0,0.0,0,1
dating,0.0,1.0,0.0,0,0
dato,1.0,1.0,0.5,1,1
dax,0.0,1.0,0.0,0,0
dazu,0.0,1.0,0.0,0,1
ddscm,0.0,1.0,0.0,0,1
de8,0.0,1.0,0.0,0,1
dealing,0.0,1.0,0.0,0,1
debatte,0.0,1.0,0.0,0,1
dec,0.0,1.0,0.0,0,1
ded,0.0,1.0,0.0,0,1
dedizierten,0.0,1.0,0.0,0,1
del,0.0,1.0,0.0,0,1
dele,0.0,1.0,0.0,0,1
deliver,0.0,1.0,0.0,0,1
denen,1.0,1.0,0.5,1,1
dent,0.0,1.0,0.0,0,1
deployments,0.0,1.0,0.0,0,1
derzeit,1.0,1.0,0.5,1,1
design,0.0,1.0,0.0,0,1
det,0.0,1.0,0.0,0,1
details,1.0,1.0,0.5,1,1
deutlich,2.0,1.0,0.6666666666666666,1,1
deutschen,0.0,1.0,0.0,0,1
deutschland,0.0,1.0,0.0,0,1
devices,0.0,1.0,0.0,0,1
dez,0.0,1.0,0.0,0,1
dezember,1.0,1.0,0.5,1,1
dieser,8.0,1.0,0.8888888888888888,4,1
dieses,3.0,1.0,0.75,3,1
diffe,0.0,1.0,0.0,0,1
differenzierungspunkte,0.0,1.0,0.0,0,1
digit,0.0,1.0,0.0,0,1
dilemma,0.0,1.0,0.0,0,1
dimensionen,0.0,1.0,0.0,0,1
din,0.0,1.0,0.0,0,1
ding,0.0,1.0,0.0,0,1
director,0.0,1.0,0.0,0,1
direkt,3.0,1.0,0.75,3,1
discuss,0.0,1.0,0.0,0,1
diskussion,0.0,1.0,0.0,0,1
diskutierten,0.0,1.0,0.0,0,1
distribution,0.0,1.0,0.0,0,0
dmb,0.0,1.0,0.0,0,0
donald,0.0,1.0,0.0,0,1
down,0.0,1.0,0.0,0,0
download,0.0,1.0,0.0,0,1
dritt,0.0,1.0,0.0,0,1
drucker,0.0,1.0,0.0,0,1
dsag,0.0,1.0,0.0,0,1
dsgvo,0.0,1.0,0.0,0,0
due,0.0,1.0,0.0,0,1
duk,0.0,1.0,0.0,0,1
dur,0.0,1.0,0.0,0,1
duration,0.0,1.0,0.0,0,0
durc,0.0,1.0,0.0,0,1
durchgängige,0.0,1.0,0.0,0,1
duri,0.0,1.0,0.0,0,1
eam,0.0,1.0,0.0,0,0
eb,0.0,1.0,0.0,0,1
ebot,0.0,1.0,0.0,0,1
eciat,0.0,1.0,0.0,0,1
eco,0.0,1.0,0.0,0,1
edge,0.0,1.0,0.0,0,0
edia,0.0,1.0,0.0,0,1
edit,0.0,1.0,0.0,0,1
educ,0.0,1.0,0.0,0,1
educational,0.0,1.0,0.0,0,1
effektive,0.0,1.0,0.0,0,1
effektivität,0.0,1.0,0.0,0,1
effizient,0.0,1.0,0.0,0,1
effizienz,0.0,1.0,0.0,0,1
einfacher,0.0,1.0,0.0,0,1
einfallen,0.0,1.0,0.0,0,1
eingangstor,0.0,1.0,0.0,0,1
eingeführt,0.0,1.0,0.0,0,0
eingreifen,0.0,1.0,0.0,0,0
einkauf,0.0,1.0,0.0,0,0
einsatzbereitschaft,0.0,1.0,0.0,0,1
einz,0.0,1.0,0.0,0,1
einzubeziehen,0.0,1.0,0.0,0,0
einzubinden,0.0,1.0,0.0,0,0
einzuläuten,0.0,1.0,0.0,0,0
eist,0.0,1.0,0.0,0,1
eit,0.0,1.0,0.0,0,0
eite,0.0,1.0,0.0,0,1
eiter,0.0,1.0,0.0,0,1
ekto,0.0,1.0,0.0,0,1
elha,0.0,1.0,0.0,0,1
ellati,0.0,1.0,0.0,0,1
elle,0.0,1.0,0.0,0,1
els,0.0,1.0,0.0,0,0
elst,0.0,1.0,0.0,0,1
embed,0.0,1.0,0.0,0,1
emea,0.0,1.0,0.0,0,0
empfehlung,0.0,1.0,0.0,0,1
enbe,0.0,1.0,0.0,0,1
enc,0.0,1.0,0.0,0,1
end,0.0,1.0,0.0,0,1
engen,0.0,1.0,0.0,0,1
enger,0.0,1.0,0.0,0,1
engineering,0.0,1.0,0.0,0,0
enormen,0.0,1.0,0.0,0,1
enterprises,0.0,1.0,0.0,0,1
ents,0.0,1.0,0.0,0,1
entscheidend,0.0,1.0,0.0,0,1
entschieden,0.0,1.0,0.0,0,0
entstand,0.0,1.0,0.0,0,1
entwickeln,0.0,1.0,0.0,0,1
entwickelt,0.0,1.0,0.0,0,0
entwickelte,0.0,1.0,0.0,0,0
entwicklung,0.0,1.0,0.0,0,1
eo,0.0,1.0,0.0,0,1
eos,0.0,1.0,0.0,0,1
epa,0.0,1.0,0.0,0,1
erati,0.0,1.0,0.0,0,1
erf,0.0,1.0,0.0,0,1
erfo,0.0,1.0,0.0,0,1
erfolge,0.0,1.0,0.0,0,1
erfolgreichen,0.0,1.0,0.0,0,1
erfolgsstory,0.0,1.0,0.0,0,1
erfüllen,0.0,1.0,0.0,0,0
erhöhen,0.0,1.0,0.0,0,0
erklären,0.0,1.0,0.0,0,0
erklärt,0.0,1.0,0.0,0,1
erle,0.0,1.0,0.0,0,1
ermöglichen,0.0,1.0,0.0,0,1
ernst,0.0,1.0,0.0,0,1
erpr,0.0,1.0,0.0,0,1
erprobten,0.0,1.0,0.0,0,1
erste,0.0,1.0,0.0,0,1
erte,0.0,1.0,0.0,0,1
erts,0.0,1.0,0.0,0,1
eru,0.0,1.0,0.0,0,1
erw,0.0,1.0,0.0,0,1
erweiterungen,0.0,1.0,0.0,0,1
erweiterungslösung,0.0,1.0,0.0,0,1
erweiterungslösungen,0.0,1.0,0.0,0,1
essi,0.0,1.0,0.0,0,1
essu,0.0,1.0,0.0,0,1
estalt,0.0,1.0,0.0,0,1
ethische,0.0,1.0,0.0,0,1
eu,0.0,1.0,0.0,0,0
euer,0.0,1.0,0.0,0,0
evaluierung,0.0,1.0,0.0,0,1
events,0.0,1.0,0.0,0,0
every,0.0,1.0,0.0,0,1
ex,2.0,1.0,0.6666666666666666,0,1
exce,0.0,1.0,0.0,0,1
executive,4.0,1.0,0.8,3,1
exer,0.0,1.0,0.0,0,1
exklusivinterview,0.0,1.0,0.0,0,1
expected,0.0,1.0,0.0,0,1
experience,0.0,1.0,0.0,0,1
experienced,0.0,1.0,0.0,0,1
expert,0.0,1.0,0.0,0,0
experten,0.0,1.0,0.0,0,1
facebook,0.0,1.0,0.0,0,0
fachbereichen,0.0,1.0,0.0,0,1
faculty,0.0,1.0,0.0,0,1
fahren,0.0,1.0,0.0,0,0
fahrenden,0.0,1.0,0.0,0,1
fahrzeug,0.0,1.0,0.0,0,1
fake,0.0,1.0,0.0,0,0
faktenbasierten,0.0,1.0,0.0,0,1
fall,0.0,1.0,0.0,0,1
faster,0.0,1.0,0.0,0,1
faszination,0.0,1.0,0.0,0,1
fe,0.0,1.0,0.0,0,1
features,0.0,1.0,0.0,0,1
feb,0.0,1.0,0.0,0,1
feel,0.0,1.0,0.0,0,1
fen,0.0,1.0,0.0,0,1
ffen,0.0,1.0,0.0,0,1
fgj,0.0,1.0,0.0,0,0
fi,0.0,1.0,0.0,0,1
fields,0.0,1.0,0.0,0,0
file,0.0,1.0,0.0,0,1
fina,0.0,1.0,0.0,0,1
finance,0.0,1.0,0.0,0,1
find,0.0,1.0,0.0,0,1
fisch,0.0,1.0,0.0,0,1
fl,0.0,1.0,0.0,0,1
flach,0.0,1.0,0.0,0,1
flexibilität,0.0,1.0,0.0,0,0
flor,0.0,1.0,0.0,0,1
flugmeilen,0.0,1.0,0.0,0,1
folge,0.0,1.0,0.0,0,0
folgenden,0.0,1.0,0.0,0,1
forciert,0.0,1.0,0.0,0,1
fore,0.0,1.0,0.0,0,1
forma,0.0,1.0,0.0,0,1
fort,0.0,1.0,0.0,0,1
fragezeichen,0.0,1.0,0.0,0,1
francisco,0.0,1.0,0.0,0,1
free,0.0,1.0,0.0,0,1
freq,0.0,1.0,0.0,0,1
from,0.0,1.0,0.0,0,1
fsca,0.0,1.0,0.0,0,1
funding,0.0,1.0,0.0,0,1
funktonalität,0.0,1.0,0.0,0,1
färbinger,0.0,1.0,0.0,0,1
fühle,0.0,1.0,0.0,0,1
führ,0.0,1.0,0.0,0,1
führe,0.0,1.0,0.0,0,1
führend,0.0,1.0,0.0,0,1
führungskräfte,0.0,1.0,0.0,0,1
gange,0.0,1.0,0.0,0,0
ganzheitliches,0.0,1.0,0.0,0,1
gart,0.0,1.0,0.0,0,1
gasabrechnungen,0.0,1.0,0.0,0,0
gcp,0.0,1.0,0.0,0,0
geben,1.0,1.0,0.5,1,1
gebracht,0.0,1.0,0.0,0,0
geeinigt,0.0,1.0,0.0,0,1
gegenüber,0.0,1.0,0.0,0,1
gekommen,0.0,1.0,0.0,0,1
gelangt,0.0,1.0,0.0,0,1
geldbeschaffer,0.0,1.0,0.0,0,0
gelähmt,0.0,1.0,0.0,0,1
gemacht,2.0,1.0,0.6666666666666666,2,1
genervt,0.0,1.0,0.0,0,1
genialer,0.0,1.0,0.0,0,1
genug,0.0,1.0,0.0,0,0
gepaart,0.0,1.0,0.0,0,1
geric,0.0,1.0,0.0,0,1
gern,0.0,1.0,0.0,0,1
gesamten,1.0,1.0,0.5,1,1
gesc,0.0,1.0,0.0,0,1
geschäftsreisen,0.0,1.0,0.0,0,1
gese,0.0,1.0,0.0,0,1
gesehnt,0.0,1.0,0.0,0,0
gesetzgeber,0.0,1.0,0.0,0,1
gespräch,3.0,1.0,0.75,1,1
getroffen,0.0,1.0,0.0,0,0
getränkebranche,0.0,1.0,0.0,0,1
getränkefachgroßhandels,0.0,1.0,0.0,0,0
getränkehandels,0.0,1.0,0.0,0,1
gewichen,0.0,1.0,0.0,0,0
gewinnbringenden,0.0,1.0,0.0,0,1
gezielt,2.0,1.0,0.6666666666666666,1,1
giganten,0.0,1.0,0.0,0,0
ging,0.0,1.0,0.0,0,0
give,0.0,1.0,0.0,0,1
glaubt,0.0,1.0,0.0,0,1
glo,0.0,1.0,0.0,0,1
glob,0.0,1.0,0.0,0,1
global,0.0,1.0,0.0,0,1
globale,0.0,1.0,0.0,0,1
globalen,0.0,1.0,0.0,0,1
gläserne,0.0,1.0,0.0,0,0
glück,0.0,1.0,0.0,0,0
gmb,0.0,1.0,0.0,0,1
goldschatz,0.0,1.0,0.0,0,1
golfplatz,0.0,1.0,0.0,0,0
graduate,0.0,1.0,0.0,0,0
grant,0.0,1.0,0.0,0,1
gro,0.0,1.0,0.0,0,1
großer,0.0,1.0,0.0,0,1
großteil,0.0,1.0,0.0,0,1
grundlage,0.0,1.0,0.0,0,1
gs,0.0,1.0,0.0,0,0
gute,3.0,1.0,0.75,3,1
guten,3.0,1.0,0.75,2,1
gärten,0.0,1.0,0.0,0,0
halt,1.0,1.0,0.5,1,1
har,0.0,1.0,0.0,0,1
hart,0.0,1.0,0.0,0,0
has,0.0,1.0,0.0,0,1
head,1.0,1.0,0.5,1,1
health,0.0,1.0,0.0,0,0
hei,0.0,1.0,0.0,0,1
heik,0.0,1.0,0.0,0,1
heilt,0.0,1.0,0.0,0,0
heiße,0.0,1.0,0.0,0,1
helfen,0.0,1.0,0.0,0,0
hello,0.0,1.0,0.0,0,0
henl,0.0,1.0,0.0,0,1
herausforderungen,0.0,1.0,0.0,0,0
here,0.0,1.0,0.0,0,1
herr,11.0,1.0,0.9166666666666666,6,1
herrschaft,0.0,1.0,0.0,0,1
heute,3.0,1.0,0.75,3,1
hgä,0.0,1.0,0.0,0,1
hinausdenken,0.0,1.0,0.0,0,1
hingegen,0.0,1.0,0.0,0,1
hinweg,0.0,1.0,0.0,0,1
hip,0.0,1.0,0.0,0,1
his,0.0,1.0,0.0,0,1
historischem,0.0,1.0,0.0,0,1
historischer,0.0,1.0,0.0,0,1
hno,0.0,1.0,0.0,0,1
hnol,0.0,1.0,0.0,0,1
hoch,2.0,1.0,0.6666666666666666,2,1
hof,0.0,1.0,0.0,0,0
honor,0.0,1.0,0.0,0,1
horizont,0.0,1.0,0.0,0,0
horizonte,0.0,1.0,0.0,0,1
how,0.0,1.0,0.0,0,1
hr,0.0,1.0,0.0,0,0
hrb,4.0,1.0,0.8,3,1
hs,35.0,1.0,0.9722222222222222,0,1
hste,0.0,1.0,0.0,0,1
hti,0.0,1.0,0.0,0,1
html,2.0,1.0,0.6666666666666666,0,1
https,4.0,1.0,0.8,0,1
hudelmaier,0.0,1.0,0.0,0,1
hy,0.0,1.0,0.0,0,1
hyb,0.0,1.0,0.0,0,1
hybri,0.0,1.0,0.0,0,1
hype,0.0,1.0,0.0,0,0
häfts,0.0,1.0,0.0,0,1
hält,0.0,1.0,0.0,0,1
häufig,1.0,1.0,0.5,1,1
höchstmaß,0.0,1.0,0.0,0,1
höre,0.0,1.0,0.0,0,1
ia4sp,0.0,1.0,0.0,0,1
ibl,0.0,1.0,0.0,0,1
ics,0.0,1.0,0.0,0,0
idc,0.0,1.0,0.0,0,1
idee,0.0,1.0,0.0,0,0
iden,0.0,1.0,0.0,0,1
ident,0.0,1.0,0.0,0,1
ien,0.0,1.0,0.0,0,0
ient,0.0,1.0,0.0,0,1
ier,0.0,1.0,0.0,0,1
ifikati,0.0,1.0,0.0,0,1
ig,0.0,1.0,0.0,0,1
ignorieren,0.0,1.0,0.0,0,0
ikon,0.0,1.0,0.0,0,1
imm,0.0,1.0,0.0,0,1
implementieren,0.0,1.0,0.0,0,0
implementierung,0.0,1.0,0.0,0,1
important,0.0,1.0,0.0,0,1
impr,0.0,1.0,0.0,0,1
inclu,0.0,1.0,0.0,0,1
inconvenience,0.0,1.0,0.0,0,1
increase,0.0,1.0,0.0,0,1
inde,0.0,1.0,0.0,0,1
indirekten,0.0,1.0,0.0,0,0
individuellen,0.0,1.0,0.0,0,1
industrie,0.0,1.0,0.0,0,0
industrielösung,0.0,1.0,0.0,0,1
industrielösungen,0.0,1.0,0.0,0,0
infohub,0.0,1.0,0.0,0,1
informationen,8.0,1.0,0.8888888888888888,4,1
informed,0.0,1.0,0.0,0,1
infrastrukturen,0.0,1.0,0.0,0,0
inhaltlichen,0.0,1.0,0.0,0,1
innovation,0.0,1.0,0.0,0,1
innovationstempo,0.0,1.0,0.0,0,1
innovative,0.0,1.0,0.0,0,1
innovativer,0.0,1.0,0.0,0,1
ins,5.0,1.0,0.8333333333333334,4,1
insbesondere,0.0,1.0,0.0,0,1
instead,0.0,1.0,0.0,0,1
institute,0.0,1.0,0.0,0,1
int,0.0,1.0,0.0,0,1
integraler,0.0,1.0,0.0,0,1
integrationsplattform,0.0,1.0,0.0,0,1
integriertes,0.0,1.0,0.0,0,1
intelligent,0.0,1.0,0.0,0,1
intelligenten,0.0,1.0,0.0,0,1
inter,0.0,1.0,0.0,0,1
interaction,0.0,1.0,0.0,0,1
interesse,1.0,1.0,0.5,1,1
investieren,0.0,1.0,0.0,0,1
investition,0.0,1.0,0.0,0,1
investments,0.0,1.0,0.0,0,0
invite,0.0,1.0,0.0,0,1
inwieweit,0.0,1.0,0.0,0,1
ions,0.0,1.0,0.0,0,1
ire,0.0,1.0,0.0,0,0
irgendetwas,0.0,1.0,0.0,0,1
ise,0.0,1.0,0.0,0,0
isen,0.0,1.0,0.0,0,1
istr,0.0,1.0,0.0,0,1
ite,0.0,1.0,0.0,0,1
itelligence,0.0,1.0,0.0,0,1
iter,0.0,1.0,0.0,0,1
itet,0.0,1.0,0.0,0,1
itlab,0.0,1.0,0.0,0,1
ity,0.0,1.0,0.0,0,0
itzen,0.0,1.0,0.0,0,1
jahr,2.0,1.0,0.6666666666666666,1,1
jahres,1.0,1.0,0.5,1,1
jahresbudgets,0.0,1.0,0.0,0,1
jan,0.0,1.0,0.0,0,1
januar,0.0,1.0,0.0,0,1
jb,0.0,1.0,0.0,0,1
je,1.0,1.0,0.5,1,1
jeder,0.0,1.0,0.0,0,1
jet,0.0,1.0,0.0,0,1
job,0.0,1.0,0.0,0,0
journalismus,0.0,1.0,0.0,0,1
jörg,4.0,1.0,0.8,2,1
kampf,0.0,1.0,0.0,0,1
kard,0.0,1.0,0.0,0,1
katzentisch,0.0,1.0,0.0,0,0
kauf,0.0,1.0,0.0,0,1
kaufen,0.0,1.0,0.0,0,1
kaufverhalten,0.0,1.0,0.0,0,0
kemling,0.0,1.0,0.0,0,1
kennzeichnen,0.0,1.0,0.0,0,0
kept,0.0,1.0,0.0,0,1
kern,0.0,1.0,0.0,0,1
kernaufgabe,0.0,1.0,0.0,0,1
klar,1.0,1.0,0.5,0,1
klaus,0.0,1.0,0.0,0,1
klei,0.0,1.0,0.0,0,1
kleineren,0.0,1.0,0.0,0,1
kollaborationsplattformen,0.0,1.0,0.0,0,1
kommenden,0.0,1.0,0.0,0,1
kommunikation,0.0,1.0,0.0,0,1
komplexe,0.0,1.0,0.0,0,1
komponenten,0.0,1.0,0.0,0,1
konfigurationsflexibilität,0.0,1.0,0.0,0,0
kontakt,0.0,1.0,0.0,0,1
konzepten,0.0,1.0,0.0,0,0
konzerne,0.0,1.0,0.0,0,0
kos,0.0,1.0,0.0,0,1
kosten,2.0,1.0,0.6666666666666666,1,1
kostenfaktor,0.0,1.0,0.0,0,0
kostenfrei,0.0,1.0,0.0,0,1
kraftfeld,0.0,1.0,0.0,0,1
kritisiere,0.0,1.0,0.0,0,0
ku,0.0,1.0,0.0,0,1
kundenorientierung,0.0,1.0,0.0,0,1
kundenprojekten,0.0,1.0,0.0,0,1
kundenwünsche,0.0,1.0,0.0,0,1
kurzzeit,0.0,1.0,0.0,0,0
königsdisziplin,0.0,1.0,0.0,0,1
können,17.0,1.0,0.9444444444444444,6,0
könnte,0.0,1.0,0.0,0,1
kündigten,0.0,1.0,0.0,0,1
künftig,0.0,1.0,0.0,0,1
labor,0.0,1.0,0.0,0,1
lage,0.0,1.0,0.0,0,1
lan,0.0,1.0,0.0,0,1
land,0.0,1.0,0.0,0,0
las,0.0,1.0,0.0,0,1
lastenverteilung,0.0,1.0,0.0,0,1
late,0.0,1.0,0.0,0,1
leader,0.0,1.0,0.0,0,1
leaders,0.0,1.0,0.0,0,1
lean,0.0,1.0,0.0,0,1
lega,0.0,1.0,0.0,0,1
leis,0.0,1.0,0.0,0,1
leisten,0.0,1.0,0.0,0,0
ler,0.0,1.0,0.0,0,0
less,0.0,1.0,0.0,0,1
leuchten,0.0,1.0,0.0,0,0
leuchtturmprojekt,0.0,1.0,0.0,0,0
lfe,0.0,1.0,0.0,0,1
lich,0.0,1.0,0.0,0,1
licht,0.0,1.0,0.0,0,1
lieferketten,0.0,1.0,0.0,0,0
link,1.0,1.0,0.5,0,1
list,1.0,1.0,0.5,1,1
live,0.0,1.0,0.0,0,1
lizenzen,0.0,1.0,0.0,0,1
lizenzmanagement,0.0,1.0,0.0,0,1
llsch,0.0,1.0,0.0,0,1
lo,0.0,1.0,0.0,0,0
locat,0.0,1.0,0.0,0,1
log,0.0,1.0,0.0,0,1
logische,0.0,1.0,0.0,0,1
lohnt,0.0,1.0,0.0,0,1
long,0.0,1.0,0.0,0,1
longer,0.0,1.0,0.0,0,1
loo,0.0,1.0,0.0,0,1
ludmilla,0.0,1.0,0.0,0,1
lufthansa,0.0,1.0,0.0,0,0
lyse,0.0,1.0,0.0,0,1
läden,0.0,1.0,0.0,0,1
lässt,0.0,1.0,0.0,0,0
léo,0.0,1.0,0.0,0,1
lös,0.0,1.0,0.0,0,1
lösu,0.0,1.0,0.0,0,1
lösun,0.0,1.0,0.0,0,1
lückenlose,0.0,1.0,0.0,0,1
ma,0.0,1.0,0.0,0,1
machen,3.0,1.0,0.75,1,0
mad,0.0,1.0,0.0,0,1
magazin,0.0,1.0,0.0,0,0
mainstream,0.0,1.0,0.0,0,1
make,0.0,1.0,0.0,0,1
mal,0.0,1.0,0.0,0,1
manager,0.0,1.0,0.0,0,1
mandant,0.0,1.0,0.0,0,1
mangelware,0.0,1.0,0.0,0,1
manuscripts,0.0,1.0,0.0,0,1
marc,0.0,1.0,0.0,0,1
marketing,0.0,1.0,0.0,0,0
markets,0.0,1.0,0.0,0,0
mas,0.0,1.0,0.0,0,1
material,0.0,1.0,0.0,0,1
matr,0.0,1.0,0.0,0,1
mb,0.0,1.0,0.0,0,1
mcdermott,0.0,1.0,0.0,0,0
medi,0.0,1.0,0.0,0,1
medicine,0.0,1.0,0.0,0,1
medium,0.0,1.0,0.0,0,1
meh,0.0,1.0,0.0,0,1
mehreren,0.0,1.0,0.0,0,1
mehrfacheinnahmen,0.0,1.0,0.0,0,1
meisten,0.0,1.0,0.0,0,1
meld,0.0,1.0,0.0,0,1
mer,0.0,1.0,0.0,0,1
merc,0.0,1.0,0.0,0,1
mes,0.0,1.0,0.0,0,1
metamorphosen,0.0,1.0,0.0,0,0
methoden,0.0,1.0,0.0,0,1
metrics,0.0,1.0,0.0,0,1
mey,0.0,1.0,0.0,0,1
mich,3.0,1.0,0.75,3,1
microsoft,1.0,1.0,0.5,1,0
might,0.0,1.0,0.0,0,1
migrations,0.0,1.0,0.0,0,0
miles,0.0,1.0,0.0,0,1
minutes,0.0,1.0,0.0,0,1
misstraut,0.0,1.0,0.0,0,0
mist,0.0,1.0,0.0,0,1
mitt,0.0,1.0,0.0,0,1
mittel,1.0,1.0,0.5,1,0
mittelfristig,0.0,1.0,0.0,0,1
mittelstandsunternehmens,0.0,1.0,0.0,0,1
mittendrin,0.0,1.0,0.0,0,1
mittl,0.0,1.0,0.0,0,1
mittlerweile,0.0,1.0,0.0,0,1
ml,2.0,1.0,0.6666666666666666,0,1
ml1,0.0,1.0,0.0,0,1
ml3,0.0,1.0,0.0,0,1
mod,0.0,1.0,0.0,0,1
modell,0.0,1.0,0.0,0,0
modells,0.0,1.0,0.0,0,0
most,0.0,1.0,0.0,0,1
mpl,0.0,1.0,0.0,0,1
ms,2.0,1.0,0.6666666666666666,2,1
much,0.0,1.0,0.0,0,1
multimodaler,0.0,1.0,0.0,0,1
mun,0.0,1.0,0.0,0,1
mutterkonzern,0.0,1.0,0.0,0,1
möglich,2.0,1.0,0.6666666666666666,1,0
möglichkeiten,2.0,1.0,0.6666666666666666,1,1
müssen,1.0,1.0,0.5,1,1
nachbuchen,0.0,1.0,0.0,0,0
nachdenken,0.0,1.0,0.0,0,1
nachverrechnung,0.0,1.0,0.0,0,1
nahtlose,0.0,1.0,0.0,0,1
nal,0.0,1.0,0.0,0,0
name,0.0,1.0,0.0,0,1
nati,0.0,1.0,0.0,0,1
national,0.0,1.0,0.0,0,1
native,0.0,1.0,0.0,0,1
nature,0.0,1.0,0.0,0,1
natürlich,3.0,1.0,0.75,3,1
ndm,0.0,1.0,0.0,0,1
ne1,0.0,1.0,0.0,0,1
nebenkosten,0.0,1.0,0.0,0,1
nebensache,0.0,1.0,0.0,0,0
nee,0.0,1.0,0.0,0,1
need,0.0,1.0,0.0,0,1
needed,0.0,1.0,0.0,0,1
nein,0.0,1.0,0.0,0,0
netz,0.0,1.0,0.0,0,1
netzwerke,0.0,1.0,0.0,0,1
netzwerken,0.0,1.0,0.0,0,1
neudefinition,0.0,1.0,0.0,0,1
neues,1.0,1.0,0.5,1,1
neuesten,0.0,1.0,0.0,0,1
news,1.0,1.0,0.5,0,0
nex,0.0,1.0,0.0,0,1
next,0.0,1.0,0.0,0,1
nge,0.0,1.0,0.0,0,1
ngig,0.0,1.0,0.0,0,1
niedrige,0.0,1.0,0.0,0,1
niedriger,0.0,1.0,0.0,0,1
niere,0.0,1.0,0.0,0,1
nobel,0.0,1.0,0.0,0,1
nom,0.0,1.0,0.0,0,1
nor,0.0,1.0,0.0,0,1
note,0.0,1.0,0.0,0,1
notfalls,0.0,1.0,0.0,0,1
notif,0.0,1.0,0.0,0,1
nr,0.0,1.0,0.0,0,0
ns,0.0,1.0,0.0,0,0
nsfo,0.0,1.0,0.0,0,1
ntact,0.0,1.0,0.0,0,1
ntne,0.0,1.0,0.0,0,1
num,0.0,1.0,0.0,0,1
number,0.0,1.0,0.0,0,1
nun,2.0,1.0,0.6666666666666666,2,1
nutzt,0.0,1.0,0.0,0,1
nzs,0.0,1.0,0.0,0,1
näc,0.0,1.0,0.0,0,1
ob,3.0,1.0,0.75,2,0
oblig,0.0,1.0,0.0,0,1
offene,0.0,1.0,0.0,0,1
offic,0.0,1.0,0.0,0,1
office,6.0,1.0,0.8571428571428571,4,1
oft,0.0,1.0,0.0,0,1
ogy,0.0,1.0,0.0,0,0
olabi,0.0,1.0,0.0,0,1
ome,0.0,1.0,0.0,0,0
once,0.0,1.0,0.0,0,1
oni,0.0,1.0,0.0,0,1
onli,0.0,1.0,0.0,0,1
only,2.0,1.0,0.6666666666666666,2,1
ono,0.0,1.0,0.0,0,1
onsn,0.0,1.0,0.0,0,1
oor,0.0,1.0,0.0,0,1
open,0.0,1.0,0.0,0,1
oppo,0.0,1.0,0.0,0,1
opri,0.0,1.0,0.0,0,1
optimieren,0.0,1.0,0.0,0,0
optionen,0.0,1.0,0.0,0,1
org,0.0,1.0,0.0,0,1
ory,0.0,1.0,0.0,0,1
osin,0.0,1.0,0.0,0,1
osur,0.0,1.0,0.0,0,1
othe,0.0,1.0,0.0,0,1
other,0.0,1.0,0.0,0,1
oug,0.0,1.0,0.0,0,1
out,0.0,1.0,0.0,0,1
outages,0.0,1.0,0.0,0,1
outsourcingvorhaben,0.0,1.0,0.0,0,0
ov,0.0,1.0,0.0,0,1
own,0.0,1.0,0.0,0,1
oz,0.0,1.0,0.0,0,1
pa,0.0,1.0,0.0,0,1
pac,0.0,1.0,0.0,0,1
paig,0.0,1.0,0.0,0,1
pani,0.0,1.0,0.0,0,1
pany,0.0,1.0,0.0,0,1
parallel,0.0,1.0,0.0,0,1
parti,0.0,1.0,0.0,0,1
partie,0.0,1.0,0.0,0,1
partnerschaft,0.0,1.0,0.0,0,1
passender,0.0,1.0,0.0,0,1
patience,0.0,1.0,0.0,0,1
peter,6.0,1.0,0.8571428571428571,4,1
pforzheim,0.0,1.0,0.0,0,1
pha,0.0,1.0,0.0,0,1
pharmaindustrie,0.0,1.0,0.0,0,0
physiology,0.0,1.0,0.0,0,0
pionier,0.0,1.0,0.0,0,1
pl,0.0,1.0,0.0,0,1
pla,0.0,1.0,0.0,0,1
planning,0.0,1.0,0.0,0,1
planungstechnologie,0.0,1.0,0.0,0,1
planungszeiten,0.0,1.0,0.0,0,1
play,0.0,1.0,0.0,0,1
please,2.0,1.0,0.6666666666666666,2,1
poi,0.0,1.0,0.0,0,1
polic,0.0,1.0,0.0,0,1
policy,0.0,1.0,0.0,0,1
pop,0.0,1.0,0.0,0,1
por,0.0,1.0,0.0,0,1
porzellanhersteller,0.0,1.0,0.0,0,1
positive,0.0,1.0,0.0,0,1
possible,0.0,1.0,0.0,0,1
potenzial,0.0,1.0,0.0,0,0
powerstarke,0.0,1.0,0.0,0,0
pqe,0.0,1.0,0.0,0,0
pragmatisch,0.0,1.0,0.0,0,1
praxis,1.0,1.0,0.5,0,1
prefer,0.0,1.0,0.0,0,1
preiswerten,0.0,1.0,0.0,0,1
pres,0.0,1.0,0.0,0,1
prinzip,0.0,1.0,0.0,0,1
priorität,1.0,1.0,0.5,0,0
priv,0.0,1.0,0.0,0,1
private,0.0,1.0,0.0,0,0
prize,0.0,1.0,0.0,0,1
probability,0.0,1.0,0.0,0,1
proc,0.0,1.0,0.0,0,1
prod,0.0,1.0,0.0,0,1
produktangeboten,0.0,1.0,0.0,0,0
produktive,0.0,1.0,0.0,0,1
produktivmandant,0.0,1.0,0.0,0,1
professionelle,0.0,1.0,0.0,0,1
profil,0.0,1.0,0.0,0,1
profitieren,0.0,1.0,0.0,0,1
prognosen,0.0,1.0,0.0,0,1
projekt,0.0,1.0,0.0,0,1
projekte,0.0,1.0,0.0,0,1
projekten,1.0,1.0,0.5,0,0
protecting,0.0,1.0,0.0,0,1
provider,0.0,1.0,0.0,0,0
providing,0.0,1.0,0.0,0,1
prozent,0.0,1.0,0.0,0,1
prozesse,0.0,1.0,0.0,0,1
prozessen,0.0,1.0,0.0,0,1
prozessindustrie,0.0,1.0,0.0,0,1
prozesskosten,0.0,1.0,0.0,0,1
prä,0.0,1.0,0.0,0,1
pt,0.0,1.0,0.0,0,1
pti,0.0,1.0,0.0,0,1
ptio,0.0,1.0,0.0,0,1
publ,0.0,1.0,0.0,0,1
publication,0.0,1.0,0.0,0,0
questions,0.0,1.0,0.0,0,1
rainer,6.0,1.0,0.8571428571428571,3,1
rc,0.0,1.0,0.0,0,1
rder,0.0,1.0,0.0,0,1
readiness,0.0,1.0,0.0,0,0
ready,0.0,1.0,0.0,0,1
reagiert,0.0,1.0,0.0,0,1
reaktiv,0.0,1.0,0.0,0,1
real,0.0,1.0,0.0,0,0
realisiert,0.0,1.0,0.0,0,0
rec,0.0,1.0,0.0,0,1
received,2.0,1.0,0.6666666666666666,2,1
recht,1.0,1.0,0.5,1,1
recip,0.0,1.0,0.0,0,1
recruiting,0.0,1.0,0.0,0,0
regarding,0.0,1.0,0.0,0,1
regards,3.0,1.0,0.75,2,0
regi,0.0,1.0,0.0,0,1
regierungen,0.0,1.0,0.0,0,1
reic,0.0,1.0,0.0,0,1
reichen,0.0,1.0,0.0,0,1
reicht,0.0,1.0,0.0,0,1
reif,1.0,1.0,0.5,1,1
reisekostenmanagement,0.0,1.0,0.0,0,1
relat,0.0,1.0,0.0,0,1
rent,0.0,1.0,0.0,0,1
requ,0.0,1.0,0.0,0,1
researchers,0.0,1.0,0.0,0,1
ressourcen,0.0,1.0,0.0,0,1
revo,0.0,1.0,0.0,0,1
revolution,0.0,1.0,0.0,0,1
revolutionieren,0.0,1.0,0.0,0,0
rgele,0.0,1.0,0.0,0,1
rger,0.0,1.0,0.0,0,1
rheits,0.0,1.0,0.0,0,1
ric,0.0,1.0,0.0,0,1
richtung,2.0,1.0,0.6666666666666666,0,1
riffe,0.0,1.0,0.0,0,1
risk,0.0,1.0,0.0,0,0
rks,0.0,1.0,0.0,0,1
rma,0.0,1.0,0.0,0,1
rmat,0.0,1.0,0.0,0,1
rn,0.0,1.0,0.0,0,0
ro,0.0,1.0,0.0,0,1
rou,0.0,1.0,0.0,0,1
router,0.0,1.0,0.0,0,0
routledge,0.0,1.0,0.0,0,0
rsl,0.0,1.0,0.0,0,0
rua,0.0,1.0,0.0,0,1
run,0.0,1.0,0.0,0,1
rv,0.0,1.0,0.0,0,1
rvi,0.0,1.0,0.0,0,1
röß,0.0,1.0,0.0,0,1
rückblick,0.0,1.0,0.0,0,1
rückt,0.0,1.0,0.0,0,1
sac,0.0,1.0,0.0,0,1
sage,0.0,1.0,0.0,0,1
sal,0.0,1.0,0.0,0,1
sale,0.0,1.0,0.0,0,1
san,0.0,1.0,0.0,0,1
sant,0.0,1.0,0.0,0,1
savi,0.0,1.0,0.0,0,1
saßen,0.0,1.0,0.0,0,1
sb,0.0,1.0,0.0,0,1
sca,0.0,1.0,0.0,0,1
schaffen,0.0,1.0,0.0,0,1
schafft,0.0,1.0,0.0,0,1
schatten,0.0,1.0,0.0,0,0
sche,0.0,1.0,0.0,0,0
schein,0.0,1.0,0.0,0,1
scheint,0.0,1.0,0.0,0,1
schen,0.0,1.0,0.0,0,0
schläuchen,0.0,1.0,0.0,0,0
schmutziger,0.0,1.0,0.0,0,0
schnellen,1.0,1.0,0.5,1,1
schnäppchen,0.0,1.0,0.0,0,0
schon,5.0,1.0,0.8333333333333334,3,1
schritt,0.0,1.0,0.0,0,1
schritte,0.0,1.0,0.0,0,1
schut,0.0,1.0,0.0,0,1
schwierig,0.0,1.0,0.0,0,0
security,0.0,1.0,0.0,0,1
sede,0.0,1.0,0.0,0,1
see,0.0,1.0,0.0,0,1
seen,0.0,1.0,0.0,0,1
seg,0.0,1.0,0.0,0,1
sei,0.0,1.0,0.0,0,1
seinen,1.0,1.0,0.5,1,1
seit,1.0,1.0,0.5,1,1
seite,2.0,1.0,0.6666666666666666,2,0
selbstverpflichtung,0.0,1.0,0.0,0,1
selten,0.0,1.0,0.0,0,1
sen,0.0,1.0,0.0,0,1
sensoren,0.0,1.0,0.0,0,1
sent,0.0,1.0,0.0,0,1
sep,0.0,1.0,0.0,0,1
server,1.0,1.0,0.5,1,1
servicehotline,0.0,1.0,0.0,0,1
serviceprovider,0.0,1.0,0.0,0,0
servicequalität,0.0,1.0,0.0,0,1
services,2.0,1.0,0.6666666666666666,2,0
ses,0.0,1.0,0.0,0,1
seser,0.0,1.0,0.0,0,1
setzen,0.0,1.0,0.0,0,1
sferr,0.0,1.0,0.0,0,1
sfers,0.0,1.0,0.0,0,1
showrooming,0.0,1.0,0.0,0,1
sibl,0.0,1.0,0.0,0,1
sic,0.0,1.0,0.0,0,1
siche,0.0,1.0,0.0,0,1
sicherheit,1.0,1.0,0.5,0,1
sicherheitsbetrachtung,0.0,1.0,0.0,0,1
sicherheitskonzepten,0.0,1.0,0.0,0,1
sicherstellen,0.0,1.0,0.0,0,0
sicherzustellen,0.0,1.0,0.0,0,0
sicht,1.0,1.0,0.5,1,1
sieht,0.0,1.0,0.0,0,1
sign,0.0,1.0,0.0,0,0
simpler,0.0,1.0,0.0,0,1
sinn,1.0,1.0,0.5,1,1
sinnvoll,0.0,1.0,0.0,0,0
sitio,0.0,1.0,0.0,0,1
sitz,4.0,1.0,0.8,3,1
sive,0.0,1.0,0.0,0,1
skepsis,0.0,1.0,0.0,0,1
skyp,0.0,1.0,0.0,0,1
sl,0.0,1.0,0.0,0,0
slette,0.0,1.0,0.0,0,1
sme,0.0,1.0,0.0,0,0
sociology,0.0,1.0,0.0,0,0
softw,0.0,1.0,0.0,0,1
softwareentwicklungs,0.0,1.0,0.0,0,0
soll,0.0,1.0,0.0,0,1
sollte,0.0,1.0,0.0,0,1
sor,0.0,1.0,0.0,0,1
sorgen,0.0,1.0,0.0,0,1
sory,0.0,1.0,0.0,0,1
source,0.0,1.0,0.0,0,1
sources,0.0,1.0,0.0,0,1
sowie,1.0,1.0,0.5,1,1
sowohl,0.0,1.0,0.0,0,1
sp,0.0,1.0,0.0,0,1
span,0.0,1.0,0.0,0,1
sparsame,0.0,1.0,0.0,0,1
spe,0.0,1.0,0.0,0,1
speaker,0.0,1.0,0.0,0,0
speed,0.0,1.0,0.0,0,0
speic,0.0,1.0,0.0,0,1
spezialisten,0.0,1.0,0.0,0,1
spreadsheet,0.0,1.0,0.0,0,0
sps,0.0,1.0,0.0,0,1
sta,0.0,1.0,0.0,0,1
stadtwerke,0.0,1.0,0.0,0,1
standard,0.0,1.0,0.0,0,0
standardprozesse,0.0,1.0,0.0,0,1
standen,0.0,1.0,0.0,0,1
starkes,0.0,1.0,0.0,0,1
start,0.0,1.0,0.0,0,0
ste,0.0,1.0,0.0,0,1
steh,0.0,1.0,0.0,0,1
steht,0.0,1.0,0.0,0,1
steigenden,0.0,1.0,0.0,0,1
steuerungen,0.0,1.0,0.0,0,0
steuerungssysteme,0.0,1.0,0.0,0,1
stg,0.0,1.0,0.0,0,1
str,4.0,1.0,0.8,0,0
strategie,0.0,1.0,0.0,0,1
strategische,0.0,1.0,0.0,0,1
strategischem,0.0,1.0,0.0,0,1
stre,0.0,1.0,0.0,0,1
streben,0.0,1.0,0.0,0,1
stresskurve,0.0,1.0,0.0,0,0
stria,0.0,1.0,0.0,0,1
stric,0.0,1.0,0.0,0,1
strier,0.0,1.0,0.0,0,1
strom,0.0,1.0,0.0,0,0
stru,0.0,1.0,0.0,0,1
stry,0.0,1.0,0.0,0,0
stud,3.0,1.0,0.75,0,1
stutt,0.0,1.0,0.0,0,1
störungen,0.0,1.0,0.0,0,1
stößt,0.0,1.0,0.0,0,1
suche,0.0,1.0,0.0,0,1
suggestions,0.0,1.0,0.0,0,1
sum,0.0,1.0,0.0,0,1
sung,0.0,1.0,0.0,0,1
supersparsame,0.0,1.0,0.0,0,1
supp,0.0,1.0,0.0,0,1
swe,0.0,1.0,0.0,0,1
synergien,0.0,1.0,0.0,0,1
system,1.0,1.0,0.5,1,1
systems,0.0,1.0,0.0,0,1
szenarien,0.0,1.0,0.0,0,0
szene,0.0,1.0,0.0,0,0
tabletop,0.0,1.0,0.0,0,0
tact,0.0,1.0,0.0,0,1
tandem,0.0,1.0,0.0,0,1
tatsächlich,1.0,1.0,0.5,1,1
teach,0.0,1.0,0.0,0,1
team,0.0,1.0,0.0,0,1
technischen,0.0,1.0,0.0,0,1
technologiekonsistenz,0.0,1.0,0.0,0,1
technologien,0.0,1.0,0.0,0,1
technologiepartner,0.0,1.0,0.0,0,1
technology,0.0,1.0,0.0,0,1
tely,0.0,1.0,0.0,0,0
tem,0.0,1.0,0.0,0,1
term,0.0,1.0,0.0,0,1
than,0.0,1.0,0.0,0,1
there,0.0,1.0,0.0,0,1
thi,0.0,1.0,0.0,0,1
thin,0.0,1.0,0.0,0,1
third,0.0,1.0,0.0,0,1
tho,0.0,1.0,0.0,0,1
thr,0.0,1.0,0.0,0,1
tief,0.0,1.0,0.0,0,1
tier,0.0,1.0,0.0,0,0
tim,0.0,1.0,0.0,0,1
times,0.0,1.0,0.0,0,1
tio,0.0,1.0,0.0,0,1
tled,0.0,1.0,0.0,0,1
tly,0.0,1.0,0.0,0,1
toolgestütze,0.0,1.0,0.0,0,1
tra,0.0,1.0,0.0,0,1
trans,0.0,1.0,0.0,0,1
transition,0.0,1.0,0.0,0,0
transitions,0.0,1.0,0.0,0,1
transparenz,0.0,1.0,0.0,0,1
trump,0.0,1.0,0.0,0,0
tu,0.0,1.0,0.0,0,1
tun,0.0,1.0,0.0,0,1
tung,0.0,1.0,0.0,0,1
tur,0.0,1.0,0.0,0,1
turin,0.0,1.0,0.0,0,1
twitter,0.0,1.0,0.0,0,1
tzen,0.0,1.0,0.0,0,1
täts,0.0,1.0,0.0,0,0
tätslö,0.0,1.0,0.0,0,1
tödlichen,0.0,1.0,0.0,0,1
uar,0.0,1.0,0.0,0,1
ub,0.0,1.0,0.0,0,0
ucts,0.0,1.0,0.0,0,1
ue,0.0,1.0,0.0,0,1
uen,0.0,1.0,0.0,0,1
uent,0.0,1.0,0.0,0,1
uf,0.0,1.0,0.0,0,1
ufac,0.0,1.0,0.0,0,1
ulrich,0.0,1.0,0.0,0,1
umfangreichen,0.0,1.0,0.0,0,1
umfel,0.0,1.0,0.0,0,1
umg,0.0,1.0,0.0,0,1
umgebung,0.0,1.0,0.0,0,1
umgebungen,0.0,1.0,0.0,0,0
umm,0.0,1.0,0.0,0,1
ums,0.0,1.0,0.0,0,1
umsetzbar,0.0,1.0,0.0,0,0
umsetzen,0.0,1.0,0.0,0,1
umstellung,0.0,1.0,0.0,0,1
unable,0.0,1.0,0.0,0,1
understanding,0.0,1.0,0.0,0,1
une,0.0,1.0,0.0,0,0
unfall,0.0,1.0,0.0,0,1
unft,0.0,1.0,0.0,0,1
unfälle,0.0,1.0,0.0,0,1
ungs,0.0,1.0,0.0,0,1
unit,0.0,1.0,0.0,0,1
university,4.0,1.0,0.8,4,1
unser,1.0,1.0,0.5,1,1
unserer,4.0,1.0,0.8,4,1
unterhalten,0.0,1.0,0.0,0,0
unterstützt,0.0,1.0,0.0,0,0
unüberschaubaren,0.0,1.0,0.0,0,1
upcoming,0.0,1.0,0.0,0,1
upda,0.0,1.0,0.0,0,1
update,0.0,1.0,0.0,0,1
updated,0.0,1.0,0.0,0,1
upgrade,0.0,1.0,0.0,0,0
urop,0.0,1.0,0.0,0,1
using,0.0,1.0,0.0,0,1
usmm,0.0,1.0,0.0,0,1
uss,0.0,1.0,0.0,0,1
uti,0.0,1.0,0.0,0,1
utl,0.0,1.0,0.0,0,1
uzie,0.0,1.0,0.0,0,1
vallè,0.0,1.0,0.0,0,1
value,0.0,1.0,0.0,0,1
variety,0.0,1.0,0.0,0,1
vc,0.0,1.0,0.0,0,0
ved,0.0,1.0,0.0,0,1
verb,0.0,1.0,0.0,0,1
verbindet,0.0,1.0,0.0,0,1
verbrauch,0.0,1.0,0.0,0,0
verbundgruppe,0.0,1.0,0.0,0,0
verein,0.0,1.0,0.0,0,1
vereine,0.0,1.0,0.0,0,1
verf,0.0,1.0,0.0,0,1
verfügung,2.0,1.0,0.6666666666666666,1,1
verg,0.0,1.0,0.0,0,1
vergleich,1.0,1.0,0.5,1,1
verh,0.0,1.0,0.0,0,1
verkäufer,0.0,1.0,0.0,0,1
vermeiden,0.0,1.0,0.0,0,0
vern,0.0,1.0,0.0,0,1
vero,0.0,1.0,0.0,0,1
verschaffen,0.0,1.0,0.0,0,0
verschrieben,0.0,1.0,0.0,0,0
versetzt,0.0,1.0,0.0,0,0
version,4.0,1.0,0.8,2,0
versorgungsbranche,0.0,1.0,0.0,0,1
versorgungswirtschaft,0.0,1.0,0.0,0,0
verspüren,0.0,1.0,0.0,0,1
vertragsumwandlungen,0.0,1.0,0.0,0,0
vertragswissen,0.0,1.0,0.0,0,1
verwachsen,0.0,1.0,0.0,0,1
verwenden,1.0,1.0,0.5,1,0
very,0.0,1.0,0.0,0,1
verzichteten,0.0,1.0,0.0,0,1
verändert,0.0,1.0,0.0,0,1
veröffentlichungen,0.0,1.0,0.0,0,0
vic,0.0,1.0,0.0,0,1
vices,0.0,1.0,0.0,0,1
vier,0.0,1.0,0.0,0,1
virtuelle,0.0,1.0,0.0,0,1
virtuellen,0.0,1.0,0.0,0,1
visit,0.0,1.0,0.0,0,1
vo,0.0,1.0,0.0,0,1
voice,0.0,1.0,0.0,0,1
vol,0.0,1.0,0.0,0,1
vollständig,1.0,1.0,0.5,1,1
vora,0.0,1.0,0.0,0,1
vorbeugend,0.0,1.0,0.0,0,1
vordergrund,0.0,1.0,0.0,0,0
vorgänger,0.0,1.0,0.0,0,0
vorne,0.0,1.0,0.0,0,1
vors,0.0,1.0,0.0,0,0
vorsi,0.0,1.0,0.0,0,1
vorteil,0.0,1.0,0.0,0,0
vorteile,0.0,1.0,0.0,0,1
völlig,0.0,1.0,0.0,0,1
wa,0.0,1.0,0.0,0,1
wahrgenommen,0.0,1.0,0.0,0,1
wall,0.0,1.0,0.0,0,1
wann,1.0,1.0,0.5,1,1
waren,0.0,1.0,0.0,0,1
warm,0.0,1.0,0.0,0,1
wartungsende,0.0,1.0,0.0,0,1
way,0.0,1.0,0.0,0,1
webcasts,0.0,1.0,0.0,0,0
webinar,0.0,1.0,0.0,0,1
webmethods,0.0,1.0,0.0,0,0
websi,0.0,1.0,0.0,0,1
wednesday,0.0,1.0,0.0,0,0
wee,0.0,1.0,0.0,0,1
weg,1.0,1.0,0.5,1,0
wegducken,0.0,1.0,0.0,0,0
wein,0.0,1.0,0.0,0,1
weiterweiß,0.0,1.0,0.0,0,0
weitestgehend,0.0,1.0,0.0,0,1
weitet,0.0,1.0,0.0,0,1
welchen,0.0,1.0,0.0,0,1
well,0.0,1.0,0.0,0,1
were,0.0,1.0,0.0,0,1
werk,0.0,1.0,0.0,0,1
wert,0.0,1.0,0.0,0,1
wertschöpfungsprozesse,0.0,1.0,0.0,0,1
wettbewerb,0.0,1.0,0.0,0,1
wettbewerbsvorteil,0.0,1.0,0.0,0,0
wettbewerbsvorteile,0.0,1.0,0.0,0,1
wetterauer,0.0,1.0,0.0,0,0
wh,0.0,1.0,0.0,0,1
whe,0.0,1.0,0.0,0,1
when,0.0,1.0,0.0,0,1
whether,0.0,1.0,0.0,0,1
while,0.0,1.0,0.0,0,1
whit,0.0,1.0,0.0,0,1
wi,0.0,1.0,0.0,0,1
widely,0.0,1.0,0.0,0,1
wing,0.0,1.0,0.0,0,1
winner,0.0,1.0,0.0,0,1
wirklich,1.0,1.0,0.5,1,1
wirtschaft,0.0,1.0,0.0,0,1
wish,0.0,1.0,0.0,0,1
wissen,3.0,1.0,0.75,2,1
wissenschaftler,0.0,1.0,0.0,0,1
wlet,0.0,1.0,0.0,0,1
wohin,0.0,1.0,0.0,0,1
wolle,0.0,1.0,0.0,0,1
wollte,0.0,1.0,0.0,0,1
wood,0.0,1.0,0.0,0,0
wor,0.0,1.0,0.0,0,1
worked,0.0,1.0,0.0,0,1
worl,0.0,1.0,0.0,0,1
woul,0.0,1.0,0.0,0,1
would,0.0,1.0,0.0,0,1
write,0.0,1.0,0.0,0,1
ws,0.0,1.0,0.0,0,1
wunden,0.0,1.0,0.0,0,1
wunsch,0.0,1.0,0.0,0,1
wurd,0.0,1.0,0.0,0,1
wurde,0.0,1.0,0.0,0,1
während,3.0,1.0,0.75,3,1
wäre,4.0,1.0,0.8,2,1
würd,0.0,1.0,0.0,0,1
xaa,0.0,1.0,0.0,0,1
xt,0.0,1.0,0.0,0,1
yor,0.0,1.0,0.0,0,1
york,0.0,1.0,0.0,0,1
zahl,0.0,1.0,0.0,0,1
zahlreichen,0.0,1.0,0.0,0,1
zahlt,0.0,1.0,0.0,0,1
zehn,0.0,1.0,0.0,0,1
zeichnet,0.0,1.0,0.0,0,1
zeiten,0.0,1.0,0.0,0,1
zeitgemäße,0.0,1.0,0.0,0,1
zeitungssterben,0.0,1.0,0.0,0,1
zentrum,1.0,1.0,0.5,1,1
zt,0.0,1.0,0.0,0,1
zugeordnet,0.0,1.0,0.0,0,1
zuk,0.0,1.0,0.0,0,1
zukunftsfähigen,0.0,1.0,0.0,0,1
zunehmend,2.0,1.0,0.6666666666666666,2,1
zusammenarbeit,0.0,1.0,0.0,0,1
zwang,0.0,1.0,0.0,0,0
zwei,1.0,1.0,0.5,1,1
zwischen,0.0,1.0,0.0,0,1
ändi,0.0,1.0,0.0,0,1
ärgernis,0.0,1.0,0.0,0,1
üb,0.0,1.0,0.0,0,1
überfällig,0.0,1.0,0.0,0,0
übergang,0.0,1.0,0.0,0,1
überhaupt,0.0,1.0,0.0,0,1
ügu,0.0,1.0,0.0,0,1
ün,0.0,1.0,0.0,0,1
üs,0.0,1.0,0.0,0,1
08,0.0,2.0,0.0,0,2
20,1.0,2.0,0.3333333333333333,0,1
27,0.0,2.0,0.0,0,0
310,0.0,2.0,0.0,0,0
60,0.0,2.0,0.0,0,2
709,0.0,2.0,0.0,0,1
8151,0.0,2.0,0.0,0,1
abou,0.0,2.0,0.0,0,1
about,0.0,2.0,0.0,0,1
abteilung,0.0,2.0,0.0,0,0
academic,0.0,2.0,0.0,0,1
agil,0.0,2.0,0.0,0,1
analytics,1.0,2.0,0.3333333333333333,1,1
anderen,1.0,2.0,0.3333333333333333,1,2
ang,0.0,2.0,0.0,0,1
angebot,0.0,2.0,0.0,0,0
angelangt,0.0,2.0,0.0,0,1
ansatz,0.0,2.0,0.0,0,1
anwendungen,0.0,2.0,0.0,0,1
anwendungsfälle,0.0,2.0,0.0,0,1
any,4.0,2.0,0.6666666666666666,2,1
appr,0.0,2.0,0.0,0,1
architektur,0.0,2.0,0.0,0,1
articles,0.0,2.0,0.0,0,1
atrik,0.0,2.0,0.0,0,1
basierte,0.0,2.0,0.0,0,0
beginnen,0.0,2.0,0.0,0,0
beim,1.0,2.0,0.3333333333333333,1,2
bereich,3.0,2.0,0.6,2,2
bereits,6.0,2.0,0.75,4,2
beric,0.0,2.0,0.0,0,2
bes,0.0,2.0,0.0,0,1
bestandskunden,0.0,2.0,0.0,0,1
bevor,0.0,2.0,0.0,0,2
bietet,2.0,2.0,0.5,2,1
böbli,0.0,2.0,0.0,0,1
carpenter,0.0,2.0,0.0,0,1
chle,0.0,2.0,0.0,0,1
cios,0.0,2.0,0.0,0,1
community,0.0,2.0,0.0,0,0
cont,0.0,2.0,0.0,0,1
coo,0.0,2.0,0.0,0,1
dabei,1.0,2.0,0.3333333333333333,1,2
darauf,2.0,2.0,0.5,2,1
dass,14.0,2.0,0.875,7,2
dat,0.0,2.0,0.0,0,1
dear,0.0,2.0,0.0,0,2
deve,0.0,2.0,0.0,0,2
devops,0.0,2.0,0.0,0,2
devsecops,0.0,2.0,0.0,0,1
digital,0.0,2.0,0.0,0,2
digitale,0.0,2.0,0.0,0,2
directly,0.0,2.0,0.0,0,1
discl,0.0,2.0,0.0,0,1
during,0.0,2.0,0.0,0,1
ear,0.0,2.0,0.0,0,1
economics,0.0,2.0,0.0,0,1
edited,0.0,2.0,0.0,0,1
editor,0.0,2.0,0.0,0,1
eiger,0.0,2.0,0.0,0,2
eits,0.0,2.0,0.0,0,1
ektie,0.0,2.0,0.0,0,2
em,0.0,2.0,0.0,0,2
email,0.0,2.0,0.0,0,1
ende,3.0,2.0,0.6,3,2
endlich,0.0,2.0,0.0,0,1
ene,0.0,2.0,0.0,0,2
enl,0.0,2.0,0.0,0,1
eran,0.0,2.0,0.0,0,2
erfolgreich,1.0,2.0,0.3333333333333333,1,2
erh,0.0,2.0,0.0,0,1
erhal,0.0,2.0,0.0,0,2
erl,0.0,2.0,0.0,0,1
erschien,0.0,2.0,0.0,0,2
erst,0.0,2.0,0.0,0,2
ert,0.0,2.0,0.0,0,1
eseh,0.0,2.0,0.0,0,2
ess,0.0,2.0,0.0,0,1
este,0.0,2.0,0.0,0,1
et,0.0,2.0,0.0,0,2
eve,0.0,2.0,0.0,0,1
exit,0.0,2.0,0.0,0,1
exp,0.0,2.0,0.0,0,2
finde,0.0,2.0,0.0,0,2
firmen,0.0,2.0,0.0,0,1
fit,0.0,2.0,0.0,0,2
fletcher,0.0,2.0,0.0,0,1
flow,0.0,2.0,0.0,0,2
form,1.0,2.0,0.3333333333333333,1,2
garage,0.0,2.0,0.0,0,1
gebo,0.0,2.0,0.0,0,2
gelte,0.0,2.0,0.0,0,2
gerade,0.0,2.0,0.0,0,2
gerten,14.0,2.0,0.875,3,0
gibt,1.0,2.0,0.3333333333333333,1,2
gis,0.0,2.0,0.0,0,1
gisa,0.0,2.0,0.0,0,1
glio,0.0,2.0,0.0,0,1
gre,0.0,2.0,0.0,0,1
große,0.0,2.0,0.0,0,1
hat,4.0,2.0,0.6666666666666666,2,1
heißt,2.0,2.0,0.5,2,1
herausforderung,0.0,2.0,0.0,0,1
heut,0.0,2.0,0.0,0,1
hierf,0.0,2.0,0.0,0,2
high,0.0,2.0,0.0,0,0
hinsichtlich,0.0,2.0,0.0,0,2
hop,0.0,2.0,0.0,0,1
ht,0.0,2.0,0.0,0,1
hten,0.0,2.0,0.0,0,0
htigu,0.0,2.0,0.0,0,2
htlini,0.0,2.0,0.0,0,2
hung,0.0,2.0,0.0,0,2
hybride,0.0,2.0,0.0,0,2
ial,0.0,2.0,0.0,0,1
icati,0.0,2.0,0.0,0,2
ihne,0.0,2.0,0.0,0,1
ihrer,1.0,2.0,0.3333333333333333,1,2
indu,0.0,2.0,0.0,0,2
inf,0.0,2.0,0.0,0,1
infras,0.0,2.0,0.0,0,1
infrastructure,0.0,2.0,0.0,0,1
instandhaltung,0.0,2.0,0.0,0,1
inte,0.0,2.0,0.0,0,1
integration,0.0,2.0,0.0,0,2
integrierte,0.0,2.0,0.0,0,2
io,0.0,2.0,0.0,0,1
ion,0.0,2.0,0.0,0,2
iot,2.0,2.0,0.5,0,1
irel,0.0,2.0,0.0,0,1
jahren,1.0,2.0,0.3333333333333333,1,1
jason,0.0,2.0,0.0,0,1
jetz,0.0,2.0,0.0,0,1
jit,0.0,2.0,0.0,0,0
join,0.0,2.0,0.0,0,1
jour,0.0,2.0,0.0,0,2
journals,0.0,2.0,0.0,0,0
ke,0.0,2.0,0.0,0,1
kommt,0.0,2.0,0.0,0,1
konsumgüterindustrie,0.0,2.0,0.0,0,1
ks,0.0,2.0,0.0,0,1
kun,0.0,2.0,0.0,0,1
kunde,0.0,2.0,0.0,0,2
künstliche,0.0,2.0,0.0,0,1
künstlicher,0.0,2.0,0.0,0,1
lange,0.0,2.0,0.0,0,2
larg,0.0,2.0,0.0,0,1
latest,0.0,2.0,0.0,0,1
law,0.0,2.0,0.0,0,1
lead,0.0,2.0,0.0,0,1
learn,2.0,2.0,0.5,0,1
legal,0.0,2.0,0.0,0,1
level,0.0,2.0,0.0,0,0
lian,0.0,2.0,0.0,0,1
life,0.0,2.0,0.0,0,0
lizenz,0.0,2.0,0.0,0,0
lopm,0.0,2.0,0.0,0,2
lp,0.0,2.0,0.0,0,0
längst,0.0,2.0,0.0,0,1
lö,0.0,2.0,0.0,0,1
lösc,0.0,2.0,0.0,0,2
mail,29.0,2.0,0.9354838709677419,2,1
mails,12.0,2.0,0.8571428571428571,1,2
mandanten,0.0,2.0,0.0,0,0
mar,0.0,2.0,0.0,0,1
matrikon,0.0,2.0,0.0,0,1
matrikonopc,0.0,2.0,0.0,0,0
matter,0.0,2.0,0.0,0,1
may,2.0,2.0,0.5,2,2
me,0.0,2.0,0.0,0,2
meistern,0.0,2.0,0.0,0,1
mitarbeiter,1.0,2.0,0.3333333333333333,0,1
mobili,0.0,2.0,0.0,0,1
mor,0.0,2.0,0.0,0,2
more,0.0,2.0,0.0,0,2
märz,0.0,2.0,0.0,0,2
möc,0.0,2.0,0.0,0,2
ndel,0.0,2.0,0.0,0,1
nen,0.0,2.0,0.0,0,1
new,0.0,2.0,0.0,0,2
ni,0.0,2.0,0.0,0,2
nin,0.0,2.0,0.0,0,1
nutzen,1.0,2.0,0.3333333333333333,1,1
nutzung,1.0,2.0,0.3333333333333333,1,2
oder,16.0,2.0,0.8888888888888888,5,2
offer,0.0,2.0,0.0,0,1
offline,0.0,2.0,0.0,0,0
om,0.0,2.0,0.0,0,1
ons,0.0,2.0,0.0,0,1
op,0.0,2.0,0.0,0,1
ord,0.0,2.0,0.0,0,2
ort,1.0,2.0,0.3333333333333333,0,2
pay,0.0,2.0,0.0,0,1
pc,0.0,2.0,0.0,0,0
per,4.0,2.0,0.6666666666666666,3,1
perfect,0.0,2.0,0.0,0,1
personalisierung,0.0,2.0,0.0,0,1
ph,0.0,2.0,0.0,0,0
phone,7.0,2.0,0.7777777777777778,0,1
php,0.0,2.0,0.0,0,0
planung,0.0,2.0,0.0,0,1
plattform,0.0,2.0,0.0,0,1
pre,0.0,2.0,0.0,0,1
probieren,0.0,2.0,0.0,0,1
produkte,0.0,2.0,0.0,0,2
professor,0.0,2.0,0.0,0,1
rahmen,0.0,2.0,0.0,0,2
rb,0.0,2.0,0.0,0,0
rdin,0.0,2.0,0.0,0,1
recei,0.0,2.0,0.0,0,1
rech,0.0,2.0,0.0,0,2
red,0.0,2.0,0.0,0,2
rer,0.0,2.0,0.0,0,2
resp,0.0,2.0,0.0,0,2
richtigen,0.0,2.0,0.0,0,1
rid,0.0,2.0,0.0,0,1
rnet,0.0,2.0,0.0,0,1
rt,0.0,2.0,0.0,0,2
sc,0.0,2.0,0.0,0,1
scheinwerfer,0.0,2.0,0.0,0,1
science,3.0,2.0,0.6,2,0
scm,0.0,2.0,0.0,0,1
serve,0.0,2.0,0.0,0,2
sincerely,0.0,2.0,0.0,0,1
sles,0.0,2.0,0.0,0,1
small,0.0,2.0,0.0,0,2
sollten,9.0,2.0,0.8181818181818182,6,2
sond,0.0,2.0,0.0,0,2
sparen,0.0,2.0,0.0,0,1
spät,0.0,2.0,0.0,0,1
stellt,1.0,2.0,0.3333333333333333,1,2
stetig,0.0,2.0,0.0,0,2
strahler,0.0,2.0,0.0,0,1
suite,0.0,2.0,0.0,0,1
suse,0.0,2.0,0.0,0,2
systeme,0.0,2.0,0.0,0,1
tak,0.0,2.0,0.0,0,1
tec,0.0,2.0,0.0,0,2
tech,0.0,2.0,0.0,0,1
terms,0.0,2.0,0.0,0,2
thank,0.0,2.0,0.0,0,2
them,0.0,2.0,0.0,0,1
thema,3.0,2.0,0.6,3,2
thro,0.0,2.0,0.0,0,1
trai,0.0,2.0,0.0,0,1
tran,0.0,2.0,0.0,0,1
transformation,0.0,2.0,0.0,0,1
trend,0.0,2.0,0.0,0,1
truktu,0.0,2.0,0.0,0,1
ts,0.0,2.0,0.0,0,2
tsph,0.0,2.0,0.0,0,2
ua,0.0,2.0,0.0,0,2
ucla,0.0,2.0,0.0,0,1
ugh,0.0,2.0,0.0,0,1
umsetzung,2.0,2.0,0.5,2,1
unig,0.0,2.0,0.0,0,1
uns,22.0,2.0,0.9166666666666666,7,1
unsu,0.0,2.0,0.0,0,1
up,0.0,2.0,0.0,0,0
utilities,0.0,2.0,0.0,0,0
utzric,0.0,2.0,0.0,0,2
ver,0.0,2.0,0.0,0,1
vernetzung,0.0,2.0,0.0,0,1
vers,0.0,2.0,0.0,0,2
vertrieb,0.0,2.0,0.0,0,1
vest,0.0,2.0,0.0,0,1
vice,0.0,2.0,0.0,0,1
vid,0.0,2.0,0.0,0,2
vie,0.0,2.0,0.0,0,2
viel,0.0,2.0,0.0,0,1
viele,7.0,2.0,0.7777777777777778,5,1
view,0.0,2.0,0.0,0,2
vom,4.0,2.0,0.6666666666666666,3,1
vorausschauend,0.0,2.0,0.0,0,2
vorg,0.0,2.0,0.0,0,2
war,1.0,2.0,0.3333333333333333,1,2
warum,0.0,2.0,0.0,0,2
website,0.0,2.0,0.0,0,1
welche,1.0,2.0,0.3333333333333333,1,2
welt,0.0,2.0,0.0,0,1
wenn,6.0,2.0,0.75,3,1
wer,0.0,2.0,0.0,0,1
werbung,0.0,2.0,0.0,0,1
win,0.0,2.0,0.0,0,2
work,0.0,2.0,0.0,0,1
www,10.0,2.0,0.8333333333333334,0,0
zeigt,0.0,2.0,0.0,0,1
zeitalter,0.0,2.0,0.0,0,1
zuga,0.0,2.0,0.0,0,2
zählen,0.0,2.0,0.0,0,1
äre,0.0,2.0,0.0,0,0
önlic,0.0,2.0,0.0,0,2
ötig,0.0,2.0,0.0,0,1
übe,0.0,2.0,0.0,0,1
ür,0.0,2.0,0.0,0,2
15,3.0,3.0,0.5,0,1
ac,0.0,3.0,0.0,0,2
academiccommunications,0.0,3.0,0.0,0,0
accepted,0.0,3.0,0.0,0,1
ake,0.0,3.0,0.0,0,1
alle,3.0,3.0,0.5,3,2
also,1.0,3.0,0.25,1,2
applications,0.0,3.0,0.0,0,2
at,0.0,3.0,0.0,0,3
atio,0.0,3.0,0.0,0,3
back,0.0,3.0,0.0,0,2
based,0.0,3.0,0.0,0,0
ben,0.0,3.0,0.0,0,1
big,0.0,3.0,0.0,0,2
boo,0.0,3.0,0.0,0,1
can,0.0,3.0,0.0,0,1
con,0.0,3.0,0.0,0,2
consume,0.0,3.0,0.0,0,1
di,0.0,3.0,0.0,0,1
diesen,1.0,3.0,0.25,1,2
do,0.0,3.0,0.0,0,2
du,0.0,3.0,0.0,0,3
durch,3.0,3.0,0.5,3,2
ehm,0.0,3.0,0.0,0,1
ei,0.0,3.0,0.0,0,1
einen,6.0,3.0,0.6666666666666666,4,3
eines,1.0,3.0,0.25,1,2
einsatz,1.0,3.0,0.25,1,1
emai,0.0,3.0,0.0,0,1
english,0.0,3.0,0.0,0,1
feed,0.0,3.0,0.0,0,2
follo,0.0,3.0,0.0,0,2
geht,1.0,3.0,0.25,1,3
greenlake,0.0,3.0,0.0,0,1
grenzen,0.0,3.0,0.0,0,1
handel,0.0,3.0,0.0,0,1
ich,33.0,3.0,0.9166666666666666,11,2
including,0.0,3.0,0.0,0,2
ing,2.0,3.0,0.4,0,2
its,0.0,3.0,0.0,0,2
jetzt,3.0,3.0,0.5,3,3
journal,0.0,3.0,0.0,0,1
kein,0.0,3.0,0.0,0,2
ki,0.0,3.0,0.0,0,1
klick,0.0,3.0,0.0,0,2
kombination,0.0,3.0,0.0,0,2
konzept,0.0,3.0,0.0,0,2
la,0.0,3.0,0.0,0,1
led,0.0,3.0,0.0,0,1
mac,0.0,3.0,0.0,0,2
macht,1.0,3.0,0.25,1,3
manuscript,0.0,3.0,0.0,0,1
maß,0.0,3.0,0.0,0,2
mittelstand,0.0,3.0,0.0,0,2
muss,4.0,3.0,0.5714285714285714,2,2
na,0.0,3.0,0.0,0,1
nah,0.0,3.0,0.0,0,2
nes,0.0,3.0,0.0,0,1
ness,0.0,3.0,0.0,0,1
neuen,4.0,3.0,0.5714285714285714,3,3
ngen,0.0,3.0,0.0,0,1
noch,5.0,3.0,0.625,5,1
not,0.0,3.0,0.0,0,1
od,0.0,3.0,0.0,0,1
off,0.0,3.0,0.0,0,1
outdoor,0.0,3.0,0.0,0,1
partner,0.0,3.0,0.0,0,1
pr,0.0,3.0,0.0,0,2
priva,0.0,3.0,0.0,0,3
pro,0.0,3.0,0.0,0,1
produktion,0.0,3.0,0.0,0,1
public,0.0,3.0,0.0,0,0
reg,0.0,3.0,0.0,0,2
sales,0.0,3.0,0.0,0,1
seine,1.0,3.0,0.25,1,3
send,0.0,3.0,0.0,0,2
side,0.0,3.0,0.0,0,1
stehen,0.0,3.0,0.0,0,2
su,0.0,3.0,0.0,0,1
such,0.0,3.0,0.0,0,2
support,3.0,3.0,0.5,1,1
ter,0.0,3.0,0.0,0,1
they,0.0,3.0,0.0,0,1
tion,0.0,3.0,0.0,0,2
top,0.0,3.0,0.0,0,2
trends,0.0,3.0,0.0,0,1
tsi,0.0,3.0,0.0,0,1
ular,0.0,3.0,0.0,0,2
umstieg,0.0,3.0,0.0,0,2
unter,4.0,3.0,0.5714285714285714,3,2
vielen,1.0,3.0,0.25,1,2
want,0.0,3.0,0.0,0,1
weite,0.0,3.0,0.0,0,2
what,0.0,3.0,0.0,0,1
wir,21.0,3.0,0.875,7,3
ww,0.0,3.0,0.0,0,1
11,6.0,4.0,0.6,0,0
allem,1.0,4.0,0.2,1,3
anfang,0.0,4.0,0.0,0,4
bitte,16.0,4.0,0.8,11,2
ce,0.0,4.0,0.0,0,3
consumption,0.0,4.0,0.0,0,1
copy,0.0,4.0,0.0,0,3
da,1.0,4.0,0.2,1,1
denken,0.0,4.0,0.0,0,3
einer,4.0,4.0,0.5,2,2
ern,0.0,4.0,0.0,0,1
erp,0.0,4.0,0.0,0,2
est,0.0,4.0,0.0,0,1
fast,0.0,4.0,0.0,0,4
gen,0.0,4.0,0.0,0,2
hier,7.0,4.0,0.6363636363636364,4,1
immer,8.0,4.0,0.6666666666666666,5,3
intelligenz,0.0,4.0,0.0,0,1
jake,0.0,4.0,0.0,0,1
kann,2.0,4.0,0.3333333333333333,0,2
kk13626908pxttxp0keq71s35g3aq5xyel,0.0,4.0,0.0,0,0
kläru,0.0,4.0,0.0,0,2
kunden,0.0,4.0,0.0,0,2
lösung,0.0,4.0,0.0,0,2
meforpeople,0.0,4.0,0.0,0,0
mi,0.0,4.0,0.0,0,1
my,0.0,4.0,0.0,0,1
nd,0.0,4.0,0.0,0,2
neue,6.0,4.0,0.6,4,2
now,0.0,4.0,0.0,0,2
nt,0.0,4.0,0.0,0,2
nur,7.0,4.0,0.6363636363636364,4,4
ohne,3.0,4.0,0.42857142857142855,3,2
one,0.0,4.0,0.0,0,2
onen,0.0,4.0,0.0,0,2
online,0.0,4.0,0.0,0,2
opc,0.0,4.0,0.0,0,2
outcomes,0.0,4.0,0.0,0,1
platform,0.0,4.0,0.0,0,1
premise,0.0,4.0,0.0,0,1
professional,0.0,4.0,0.0,0,1
right,0.0,4.0,0.0,0,3
ss,0.0,4.0,0.0,0,1
st,2.0,4.0,0.3333333333333333,2,3
statt,2.0,4.0,0.3333333333333333,1,4
that,0.0,4.0,0.0,0,2
this,4.0,4.0,0.5,2,2
time,0.0,4.0,0.0,0,1
unt,0.0,4.0,0.0,0,1
use,0.0,4.0,0.0,0,2
utzer,0.0,4.0,0.0,0,2
ve,0.0,4.0,0.0,0,3
verw,0.0,4.0,0.0,0,2
vt,0.0,4.0,0.0,0,0
was,1.0,4.0,0.2,1,3
web,0.0,4.0,0.0,0,3
weit,1.0,4.0,0.2,1,2
wen,0.0,4.0,0.0,0,2
wo,1.0,4.0,0.2,1,2
zeit,1.0,4.0,0.2,1,3
10,10.0,5.0,0.6666666666666666,6,1
2018,15.0,5.0,0.75,6,3
au,0.0,5.0,0.0,0,1
ber,0.0,5.0,0.0,0,4
business,0.0,5.0,0.0,0,4
ces,0.0,5.0,0.0,0,2
diese,12.0,5.0,0.7058823529411765,4,4
einem,3.0,5.0,0.375,3,4
enterprise,0.0,5.0,0.0,0,3
he,0.0,5.0,0.0,0,2
her,0.0,5.0,0.0,0,2
http,7.0,5.0,0.5833333333333334,0,0
hybrid,0.0,5.0,0.0,0,1
info,0.0,5.0,0.0,0,1
lassen,5.0,5.0,0.5,0,2
lösungen,0.0,5.0,0.0,0,3
management,0.0,5.0,0.0,0,2
men,0.0,5.0,0.0,0,2
mrp,0.0,5.0,0.0,0,1
no,2.0,5.0,0.2857142857142857,2,5
nz,0.0,5.0,0.0,0,1
onal,0.0,5.0,0.0,0,1
power,0.0,5.0,0.0,0,1
se,0.0,5.0,0.0,0,1
sein,1.0,5.0,0.16666666666666666,0,1
ser,0.0,5.0,0.0,0,2
supply,0.0,5.0,0.0,0,1
ung,0.0,5.0,0.0,0,2
unse,0.0,5.0,0.0,0,2
werden,24.0,5.0,0.8275862068965517,8,2
wie,9.0,5.0,0.6428571428571429,7,4
aber,4.0,6.0,0.4,4,2
am,7.0,6.0,0.5384615384615384,4,5
are,2.0,6.0,0.25,2,3
busi,0.0,6.0,0.0,0,2
by,4.0,6.0,0.4,2,2
chain,0.0,6.0,0.0,0,1
ddmrp,0.0,6.0,0.0,0,1
ge,0.0,6.0,0.0,0,2
hen,0.0,6.0,0.0,0,2
ibm,0.0,6.0,0.0,0,1
if,2.0,6.0,0.25,2,2
ihre,5.0,6.0,0.45454545454545453,5,3
keine,1.0,6.0,0.14285714285714285,1,4
linux,0.0,6.0,0.0,0,3
nsch,0.0,6.0,0.0,0,2
our,0.0,6.0,0.0,0,2
pers,0.0,6.0,0.0,0,3
sch,0.0,6.0,0.0,0,5
servi,0.0,6.0,0.0,0,2
software,5.0,6.0,0.45454545454545453,3,2
ten,0.0,6.0,0.0,0,2
will,0.0,6.0,0.0,0,2
wird,16.0,6.0,0.7272727272727273,6,4
über,17.0,6.0,0.7391304347826086,6,5
camelot,0.0,7.0,0.0,0,1
ch,0.0,7.0,0.0,0,2
co,0.0,7.0,0.0,0,2
digitalisierung,0.0,7.0,0.0,0,4
ed,0.0,7.0,0.0,0,3
ent,0.0,7.0,0.0,0,3
enter,0.0,7.0,0.0,0,2
ere,0.0,7.0,0.0,0,3
google,0.0,7.0,0.0,0,2
haben,10.0,7.0,0.5882352941176471,3,5
hpe,0.0,7.0,0.0,0,2
man,1.0,7.0,0.125,1,5
mati,0.0,7.0,0.0,0,3
mehr,3.0,7.0,0.3,3,3
prise,0.0,7.0,0.0,0,2
ren,0.0,7.0,0.0,0,2
si,0.0,7.0,0.0,0,1
sind,13.0,7.0,0.65,8,4
so,4.0,7.0,0.36363636363636365,2,5
te,0.0,7.0,0.0,0,4
zukunft,0.0,7.0,0.0,0,2
zum,7.0,7.0,0.5,6,5
als,5.0,8.0,0.38461538461538464,2,3
ard,0.0,8.0,0.0,0,2
be,0.0,8.0,0.0,0,4
data,2.0,8.0,0.2,2,2
des,15.0,8.0,0.6521739130434783,8,4
ett,0.0,8.0,0.0,0,2
hewl,0.0,8.0,0.0,0,2
ihr,0.0,8.0,0.0,0,2
infor,0.0,8.0,0.0,0,3
nach,2.0,8.0,0.2,1,4
ne,0.0,8.0,0.0,0,3
pack,0.0,8.0,0.0,0,2
re,0.0,8.0,0.0,0,7
we,2.0,8.0,0.2,2,3
as,0.0,9.0,0.0,0,3
bei,11.0,9.0,0.55,6,6
com,11.0,9.0,0.55,0,2
date,0.0,9.0,0.0,0,2
de,37.0,9.0,0.8043478260869565,1,1
hp,0.0,9.0,0.0,0,2
nicht,13.0,9.0,0.5909090909090909,5,4
zur,6.0,9.0,0.4,5,5
have,2.0,10.0,0.16666666666666666,2,3
or,7.0,10.0,0.4117647058823529,2,4
with,0.0,10.0,0.0,0,4
aus,7.0,11.0,0.3888888888888889,4,3
dem,12.0,11.0,0.5217391304347826,7,5
ein,20.0,11.0,0.6451612903225806,9,7
us,0.0,11.0,0.0,0,2
is,2.0,12.0,0.14285714285714285,2,4
vor,7.0,12.0,0.3684210526315789,4,7
an,24.0,13.0,0.6486486486486487,9,6
on,0.0,13.0,0.0,0,5
unternehmen,1.0,13.0,0.07142857142857142,1,7
auch,12.0,14.0,0.46153846153846156,8,6
your,0.0,14.0,0.0,0,4
demand,0.0,15.0,0.0,0,0
driven,0.0,15.0,0.0,0,0
for,7.0,15.0,0.3181818181818182,5,5
ng,0.0,15.0,0.0,0,2
um,9.0,16.0,0.36,4,7
201,0.0,17.0,0.0,0,4
eine,18.0,17.0,0.5142857142857142,9,8
hana,0.0,17.0,0.0,0,5
auf,18.0,18.0,0.5,11,8
cloud,2.0,20.0,0.09090909090909091,2,6
er,1.0,21.0,0.045454545454545456,1,6
im,23.0,21.0,0.5227272727272727,11,9
sich,8.0,22.0,0.26666666666666666,6,9
es,12.0,23.0,0.34285714285714286,8,10
das,35.0,24.0,0.5932203389830508,13,8
lesen,0.0,25.0,0.0,0,4
of,9.0,25.0,0.2647058823529412,4,7
you,2.0,25.0,0.07407407407407407,2,4
den,32.0,26.0,0.5517241379310345,12,9
to,0.0,26.0,0.0,0,4
von,25.0,26.0,0.49019607843137253,10,10
it,13.0,27.0,0.325,7,6
weiterlesen,0.0,27.0,0.0,0,0
ist,21.0,28.0,0.42857142857142855,12,8
sie,75.0,29.0,0.7211538461538461,15,7
zu,22.0,31.0,0.41509433962264153,7,9
mit,34.0,32.0,0.5151515151515151,14,10
für,24.0,34.0,0.41379310344827586,13,9
and,15.0,36.0,0.29411764705882354,5,4
the,14.0,39.0,0.2641509433962264,2,4
en,0.0,40.0,0.0,0,2
sap,0.0,45.0,0.0,0,7
in,33.0,53.0,0.38372093023255816,9,12
die,79.0,64.0,0.5524475524475524,13,9
der,76.0,66.0,0.5352112676056338,13,9
und,77.0,98.0,0.44,16,11
